Date,ES_Open,ES_Close,ES_Volume,NQ_Open,NQ_Close,NQ_Volume,VIX_Open,VIX_Close
2020-01-02,3237.0,3259.0,1416241,8776.75,8891.75,416637,13.460000038146973,12.470000267028809
2020-01-03,3261.0,3235.5,1755057,8895.5,8810.0,599887,15.010000228881836,14.020000457763672
2020-01-06,3220.25,3243.5,1502748,8772.25,8847.5,469514,15.449999809265137,13.850000381469727
2020-01-07,3243.5,3235.25,1293494,8853.25,8853.0,510004,13.84000015258789,13.789999961853027
2020-01-08,3231.75,3260.25,2279138,8841.5,8944.5,723085,15.15999984741211,13.449999809265137
2020-01-09,3261.25,3276.0,1297679,8948.75,9009.0,457262,12.949999809265137,12.539999961853027
2020-01-10,3275.5,3264.75,1533121,9010.0,8978.25,472166,12.420000076293945,12.5600004196167
2020-01-13,3265.75,3289.75,1008998,8979.0,9088.25,380440,12.84000015258789,12.319999694824219
2020-01-14,3289.25,3288.0,1694799,9087.75,9062.5,553343,12.720000267028809,12.390000343322754
2020-01-15,3287.75,3293.75,1468347,9062.0,9060.0,497100,12.789999961853027,12.420000076293945
2020-01-16,3294.25,3316.5,1335246,9061.75,9133.5,397881,12.199999809265137,12.319999694824219
2020-01-17,3316.75,3325.0,1312253,9137.0,9174.5,438669,12.210000038146973,12.100000381469727
2020-01-21,3325.0,3319.5,1573187,9174.0,9169.75,532160,13.229999542236328,12.850000381469727
2020-01-22,3321.25,3319.75,1505107,9179.5,9195.75,519015,12.449999809265137,12.90999984741211
2020-01-23,3317.25,3326.0,1717046,9190.0,9248.25,616950,13.260000228881836,12.979999542236328
2020-01-24,3326.5,3293.5,2515168,9252.0,9144.5,758796,12.75,14.5600004196167
2020-01-27,3269.75,3239.5,2581636,9077.0,8954.5,792705,17.420000076293945,18.229999542236328
2020-01-28,3239.5,3278.25,1910878,8952.5,9105.25,632550,16.940000534057617,16.280000686645508
2020-01-29,3281.75,3272.5,1665382,9119.5,9098.5,578408,15.680000305175781,16.389999389648438
2020-01-30,3271.5,3289.75,2421276,9111.25,9216.25,846585,17.81999969482422,15.489999771118164
2020-01-31,3292.0,3224.0,3152069,9226.5,8997.75,898384,16.25,18.84000015258789
2020-02-03,3222.75,3245.5,1919477,8982.75,9114.25,680726,18.639999389648438,17.969999313354492
2020-02-04,3244.25,3299.5,1698403,9099.0,9355.0,563913,16.450000762939453,16.049999237060547
2020-02-05,3300.25,3335.0,2046111,9357.0,9381.5,729548,16.290000915527344,15.149999618530273
2020-02-06,3337.0,3345.25,1462323,9390.0,9455.5,545054,15.130000114440918,14.960000038146973
2020-02-07,3349.0,3325.5,1698940,9467.0,9409.5,592695,15.069999694824219,15.470000267028809
2020-02-10,3322.25,3353.0,1399815,9401.5,9527.5,500147,15.880000114440918,15.039999961853027
2020-02-11,3351.0,3357.5,1486164,9525.0,9527.25,589570,14.90999984741211,15.180000305175781
2020-02-12,3360.5,3380.5,1229231,9536.25,9625.75,454472,14.859999656677246,13.739999771118164
2020-02-13,3381.25,3377.5,1772784,9621.5,9613.0,613580,14.430000305175781,14.149999618530273
2020-02-14,3379.5,3381.0,1334897,9626.25,9632.25,489387,14.119999885559082,13.680000305175781
2020-02-18,3382.25,3369.25,1735931,9635.0,9636.0,668505,14.979999542236328,14.829999923706055
2020-02-19,3372.0,3387.25,1163426,9643.25,9733.5,419130,14.65999984741211,14.380000114440918
2020-02-20,3391.75,3369.25,2073749,9744.75,9624.25,802424,14.539999961853027,15.5600004196167
2020-02-21,3367.0,3339.25,2293728,9617.25,9458.0,911839,17.329999923706055,17.079999923706055
2020-02-24,3309.0,3226.25,3636687,9355.25,9091.0,1171879,22.25,25.030000686645508
2020-02-25,3223.0,3132.5,4375530,9091.0,8854.25,1344897,23.280000686645508,27.850000381469727
2020-02-26,3138.0,3110.25,3889097,8868.25,8850.25,1251412,26.6299991607666,27.559999465942383
2020-02-27,3100.25,2957.0,4734434,8811.5,8382.75,1580041,32.13999938964844,39.15999984741211
2020-02-28,2950.0,2951.0,5715227,8347.0,8454.0,1527204,42.02000045776367,40.11000061035156
2020-03-02,2900.0,3065.0,3689149,8349.25,8791.25,1373357,38.540000915527344,33.41999816894531
2020-03-03,3077.0,2997.0,3754363,8830.5,8582.5,1295648,33.650001525878906,36.81999969482422
2020-03-04,2988.25,3114.75,2590464,8557.5,8896.5,939032,34.439998626708984,31.989999771118164
2020-03-05,3109.25,3015.5,2807262,8889.0,8648.75,954104,33.61000061035156,39.619998931884766
2020-03-06,3024.25,2964.0,3163400,8677.0,8503.25,1097279,48.93000030517578,41.939998626708984
2020-03-09,2916.0,2747.75,2672753,8369.0,7951.5,560913,41.939998626708984,54.459999084472656
2020-03-10,2733.0,2865.75,3423140,7893.75,8331.5,982070,49.68000030517578,47.29999923706055
2020-03-11,2859.5,2740.25,2992894,8317.0,8003.5,990236,52.2400016784668,53.900001525878906
2020-03-12,2738.0,2469.0,4366577,7998.75,7215.25,876291,61.459999084472656,75.47000122070312
2020-03-13,2429.5,2696.0,3423449,7100.0,7915.75,584274,71.30999755859375,57.83000183105469
2020-03-16,2673.75,2416.25,2378284,7903.0,7057.5,307368,57.83000183105469,82.69000244140625
2020-03-17,2417.25,2495.5,1683796,7053.0,7405.25,317501,82.69000244140625,75.91000366210938
2020-03-18,2478.5,2414.0,976536,7386.0,7225.25,156283,69.37000274658203,76.44999694824219
2020-03-19,2414.25,2403.25,631228,7251.75,7293.5,115519,80.62000274658203,72.0
2020-03-20,2364.25,2437.97998046875,3075997,7195.0,7417.97998046875,562616,67.86000061035156,66.04000091552734
2020-03-23,2220.25,2220.5,3076791,6798.0,6984.5,633237,74.08000183105469,61.59000015258789
2020-03-24,2233.25,2438.0,2639522,7005.75,7554.75,556553,58.7599983215332,61.66999816894531
2020-03-25,2442.75,2467.0,3037767,7544.75,7467.75,656698,61.439998626708984,63.95000076293945
2020-03-26,2471.0,2608.0,2413913,7483.5,7844.0,567711,65.66999816894531,61.0
2020-03-27,2627.75,2524.0,2320755,7882.75,7568.5,443315,64.94999694824219,65.54000091552734
2020-03-30,2459.0,2611.25,1837692,7395.75,7854.75,419576,66.30000305175781,57.08000183105469
2020-03-31,2613.25,2569.75,2248012,7856.75,7786.25,424386,56.689998626708984,53.540000915527344
2020-04-01,2562.0,2448.0,2091378,7772.5,7438.75,411364,57.380001068115234,57.060001373291016
2020-04-02,2459.0,2516.5,2145458,7473.5,7627.25,436829,54.459999084472656,50.90999984741211
2020-04-03,2513.75,2482.75,1763886,7623.0,7522.75,351874,51.11000061035156,46.79999923706055
2020-04-06,2485.0,2644.5,2034419,7535.75,8029.75,396874,44.16999816894531,45.2400016784668
2020-04-07,2645.5,2642.0,2486524,8034.25,8012.0,531043,44.83000183105469,46.70000076293945
2020-04-08,2640.5,2735.0,1920688,8015.0,8189.75,424380,45.900001525878906,43.349998474121094
2020-04-09,2737.75,2779.75,2342733,8195.25,8227.5,522648,43.0,41.66999816894531
2020-04-13,2811.0,2759.25,1571402,8296.0,8327.25,385072,44.599998474121094,41.16999816894531
2020-04-14,2760.0,2843.0,1716496,8337.0,8692.5,431916,40.2400016784668,37.7599983215332
2020-04-15,2843.75,2775.0,1831570,8706.25,8594.0,407752,42.56999969482422,40.84000015258789
2020-04-16,2767.75,2787.5,1749108,8576.0,8734.25,539163,41.91999816894531,40.11000061035156
2020-04-17,2863.0,2870.0,1924019,8909.75,8809.0,509555,39.5,38.150001525878906
2020-04-20,2861.5,2806.5,1566934,8799.5,8692.0,427981,40.68000030517578,43.83000183105469
2020-04-21,2807.0,2732.0,1969844,8695.0,8431.75,582449,44.279998779296875,45.40999984741211
2020-04-22,2737.25,2788.5,1369529,8447.0,8638.0,373067,44.90999984741211,41.97999954223633
2020-04-23,2790.5,2780.75,1703918,8636.25,8598.75,435112,41.29999923706055,41.380001068115234
2020-04-24,2777.0,2829.5,1293756,8588.25,8769.0,380231,38.79999923706055,35.93000030517578
2020-04-27,2829.0,2869.0,1224445,8766.0,8824.25,355545,36.290000915527344,33.290000915527344
2020-04-28,2867.75,2867.25,1614021,8819.0,8719.75,440939,33.209999084472656,33.56999969482422
2020-04-29,2870.5,2941.0,1737371,8759.25,9036.5,432414,32.47999954223633,31.229999542236328
2020-04-30,2956.5,2902.5,2027924,9109.5,8988.5,462961,30.989999771118164,34.150001525878906
2020-05-01,2871.5,2821.75,1647259,8847.0,8718.0,414560,38.16999816894531,37.189998626708984
2020-05-04,2789.0,2825.25,1510680,8624.0,8795.5,381914,39.130001068115234,35.970001220703125
2020-05-05,2827.0,2858.25,1474765,8806.25,8924.25,367233,34.81999969482422,33.61000061035156
2020-05-06,2857.75,2833.5,1466641,8928.5,8952.0,414045,32.689998626708984,34.119998931884766
2020-05-07,2832.0,2880.0,1494330,8947.5,9107.75,383884,32.119998931884766,31.440000534057617
2020-05-08,2882.0,2928.5,1326254,9115.0,9218.25,362315,30.139999389648438,27.979999542236328
2020-05-11,2920.75,2922.75,1528302,9194.75,9279.0,398142,28.459999084472656,27.56999969482422
2020-05-12,2919.25,2852.5,1824303,9282.0,9078.25,500539,28.469999313354492,33.040000915527344
2020-05-13,2839.75,2813.0,2591379,9045.75,8992.25,703290,32.7400016784668,35.279998779296875
2020-05-14,2820.25,2847.0,2501222,9012.75,9079.5,639071,35.15999984741211,32.61000061035156
2020-05-15,2846.25,2846.5,1897194,9085.5,9096.5,537250,32.5,31.889999389648438
2020-05-18,2859.75,2948.0,1775433,9135.0,9325.5,398562,30.709999084472656,29.299999237060547
2020-05-19,2945.0,2918.75,1567224,9316.25,9300.75,392499,28.729999542236328,30.530000686645508
2020-05-20,2913.5,2968.5,1532404,9289.75,9485.5,369922,29.520000457763672,27.989999771118164
2020-05-21,2972.25,2937.0,1608225,9494.75,9355.75,429220,28.969999313354492,29.530000686645508
2020-05-22,2936.75,2953.0,1377263,9360.5,9406.25,365377,31.360000610351562,28.15999984741211
2020-05-26,2948.5,2994.5,1797241,9396.25,9406.5,486546,27.719999313354492,28.010000228881836
2020-05-27,2994.0,3035.5,2109332,9409.0,9432.5,560524,27.6200008392334,27.6200008392334
2020-05-28,3035.0,3038.0,1881295,9436.5,9460.25,510617,27.81999969482422,28.59000015258789
2020-05-29,3036.0,3042.0,2258009,9453.5,9560.25,529700,29.299999237060547,27.510000228881836
2020-06-01,3029.75,3054.0,1277803,9513.0,9595.0,345593,28.940000534057617,28.229999542236328
2020-06-02,3052.75,3077.0,1458830,9590.0,9647.75,389908,28.399999618530273,26.84000015258789
2020-06-03,3078.0,3117.75,1623708,9657.5,9684.75,376694,26.75,25.65999984741211
2020-06-04,3117.75,3110.5,1830904,9685.5,9626.25,462358,26.229999542236328,25.809999465942383
2020-06-05,3113.25,3186.75,2444330,9643.5,9808.5,513656,24.790000915527344,24.520000457763672
2020-06-08,3192.5,3227.5,1602601,9819.0,9884.75,391647,25.559999465942383,25.809999465942383
2020-06-09,3227.75,3205.5,1695764,9887.25,9951.0,437442,25.93000030517578,27.56999969482422
2020-06-10,3204.75,3186.0,1996065,9960.0,10087.25,557713,26.729999542236328,27.56999969482422
2020-06-11,3183.75,3010.25,3528726,10086.25,9616.75,828944,30.450000762939453,40.790000915527344
2020-06-12,3011.75,3034.75,2872339,9616.0,9645.0,508840,37.68000030517578,36.09000015258789
2020-06-15,2992.75,3073.0,1947459,9536.75,9800.5,319211,44.09000015258789,34.400001525878906
2020-06-16,3076.25,3128.75,1377224,9812.5,9972.5,216305,34.279998779296875,33.66999816894531
2020-06-17,3122.0,3118.0,610877,9961.75,9994.5,100473,33.279998779296875,33.470001220703125
2020-06-18,3115.0,3109.0,373718,9995.25,9995.75,67457,33.83000183105469,32.939998626708984
2020-06-19,3108.25,3161.260009765625,1952273,9997.25,10120.83984375,518436,32.06999969482422,35.119998931884766
2020-06-22,3040.25,3110.75,1392325,9868.0,10124.75,354768,35.220001220703125,31.770000457763672
2020-06-23,3111.75,3118.5,1528485,10121.5,10196.0,406477,31.709999084472656,31.3700008392334
2020-06-24,3113.25,3049.0,2387916,10183.0,10010.75,661645,31.049999237060547,33.84000015258789
2020-06-25,3046.75,3070.75,1967245,10005.25,10088.25,514249,36.59000015258789,32.220001220703125
2020-06-26,3071.25,3007.0,2208418,10087.0,9865.5,576150,33.0099983215332,34.72999954223633
2020-06-29,2986.25,3047.75,1585146,9785.5,9973.75,479544,35.04999923706055,31.780000686645508
2020-06-30,3046.0,3090.25,1724164,9983.0,10147.25,422348,32.540000915527344,30.43000030517578
2020-07-01,3085.25,3103.0,1537321,10141.0,10268.75,402791,30.959999084472656,28.6200008392334
2020-07-02,3101.75,3129.0,1552517,10258.5,10355.75,404764,28.329999923706055,27.68000030517578
2020-07-06,3125.25,3172.0,1459512,10352.0,10598.5,486369,27.760000228881836,27.940000534057617
2020-07-07,3170.0,3136.5,1333466,10600.0,10532.25,465212,28.770000457763672,29.43000030517578
2020-07-08,3135.25,3163.5,1527612,10526.0,10662.25,481023,28.950000762939453,28.079999923706055
2020-07-09,3166.25,3141.0,1881833,10674.25,10727.5,607385,28.18000030517578,29.260000228881836
2020-07-10,3142.25,3178.5,1408591,10727.0,10837.25,527570,30.860000610351562,27.290000915527344
2020-07-13,3183.5,3148.25,2074726,10848.25,10600.0,736178,27.850000381469727,32.189998626708984
2020-07-14,3149.75,3183.5,2256766,10602.0,10646.25,915009,31.139999389648438,29.520000457763672
2020-07-15,3204.0,3219.5,1937696,10706.0,10683.25,719947,29.149999618530273,27.760000228881836
2020-07-16,3223.25,3194.5,1471311,10693.0,10511.75,628898,28.40999984741211,28.0
2020-07-17,3198.5,3214.0,1261113,10532.25,10622.5,443143,27.149999618530273,25.68000030517578
2020-07-20,3214.5,3245.25,1401168,10621.25,10951.0,496402,26.940000534057617,24.459999084472656
2020-07-21,3243.75,3251.25,1463931,10952.25,10851.0,587994,24.079999923706055,24.84000015258789
2020-07-22,3249.25,3265.5,1354244,10850.75,10804.25,483851,24.559999465942383,24.31999969482422
2020-07-23,3267.75,3227.5,1704453,10850.0,10548.25,644189,23.969999313354492,26.079999923706055
2020-07-24,3230.0,3204.0,1761346,10565.5,10459.0,652482,27.959999084472656,25.84000015258789
2020-07-27,3210.75,3232.25,1299512,10490.0,10675.25,444802,26.600000381469727,24.739999771118164
2020-07-28,3235.0,3213.0,1375293,10682.5,10540.0,445252,24.860000610351562,25.440000534057617
2020-07-29,3215.0,3252.5,1218031,10558.0,10674.25,368010,25.15999984741211,24.100000381469727
2020-07-30,3256.75,3248.75,2000721,10700.0,10794.0,521157,25.040000915527344,24.760000228881836
2020-07-31,3269.25,3263.5,2282794,10906.5,10890.5,631553,24.790000915527344,24.459999084472656
2020-08-03,3272.0,3288.5,1250449,10933.25,11044.25,389622,25.75,24.280000686645508
2020-08-04,3290.75,3300.0,1145269,11054.0,11086.0,395698,24.010000228881836,23.760000228881836
2020-08-05,3300.75,3316.0,1116787,11080.5,11091.75,348822,23.440000534057617,22.989999771118164
2020-08-06,3317.0,3344.25,1346665,11094.0,11261.25,420437,23.030000686645508,22.649999618530273
2020-08-07,3343.75,3344.75,1615367,11260.5,11122.75,532554,23.450000762939453,22.209999084472656
2020-08-10,3347.0,3352.75,1201751,11140.25,11072.0,485730,22.8799991607666,22.1299991607666
2020-08-11,3350.25,3330.0,1733040,11072.25,10878.5,561748,21.850000381469727,24.030000686645508
2020-08-12,3339.5,3370.0,1408718,10928.5,11126.0,434240,22.81999969482422,22.280000686645508
2020-08-13,3367.75,3367.75,1205758,11115.5,11175.25,413661,22.200000762939453,22.1299991607666
2020-08-14,3369.25,3361.5,1084771,11180.5,11133.75,398616,22.270000457763672,22.049999237060547
2020-08-17,3366.0,3379.75,759304,11145.0,11286.75,246403,22.520000457763672,21.350000381469727
2020-08-18,3379.25,3387.0,1019552,11285.5,11409.25,326816,21.690000534057617,21.510000228881836
2020-08-19,3388.75,3372.75,1368420,11414.25,11332.0,410893,21.600000381469727,22.540000915527344
2020-08-20,3370.25,3380.75,1203334,11327.0,11477.25,401137,24.100000381469727,22.719999313354492
2020-08-21,3383.5,3392.5,1221450,11480.0,11562.0,414226,22.579999923706055,22.540000915527344
2020-08-24,3398.75,3427.5,1282950,11581.0,11636.25,617004,22.8700008392334,22.3700008392334
2020-08-25,3427.0,3443.0,1133837,11636.0,11726.25,495891,22.15999984741211,22.030000686645508
2020-08-26,3444.75,3480.25,1277539,11739.5,11991.25,578801,22.139999389648438,23.270000457763672
2020-08-27,3479.5,3485.25,1633581,11984.5,11952.75,709346,23.420000076293945,24.469999313354492
2020-08-28,3488.0,3504.5,1248430,11953.25,11991.75,489066,24.59000015258789,22.959999084472656
2020-08-31,3508.5,3499.0,1439600,12002.75,12114.0,480979,23.90999984741211,26.40999984741211
2020-09-01,3493.25,3527.0,1283622,12109.75,12312.5,518997,25.860000610351562,26.1200008392334
2020-09-02,3529.0,3579.25,1853078,12325.5,12411.5,725395,26.010000228881836,26.56999969482422
2020-09-03,3578.75,3461.5,2872337,12408.5,11800.5,931583,26.280000686645508,33.599998474121094
2020-09-04,3454.75,3417.5,2994363,11745.0,11548.75,1202274,34.619998931884766,30.75
2020-09-08,3420.5,3335.5,2732946,11531.0,11060.5,1012392,30.610000610351562,31.459999084472656
2020-09-09,3315.25,3400.25,2011132,11006.0,11392.75,720954,31.68000030517578,28.809999465942383
2020-09-10,3396.0,3340.5,2332667,11377.75,11178.25,885270,28.670000076293945,29.709999084472656
2020-09-11,3345.25,3333.75,1876451,11187.0,11061.5,495802,28.6299991607666,26.8700008392334
2020-09-14,3350.0,3382.5,1378626,11104.0,11280.5,322360,25.860000610351562,25.850000381469727
2020-09-15,3379.5,3405.25,874366,11278.5,11464.25,224404,25.920000076293945,25.59000015258789
2020-09-16,3405.0,3389.5,571749,11467.5,11268.75,167828,25.309999465942383,26.040000915527344
2020-09-17,3392.75,3361.5,384917,11269.5,11090.0,157390,28.219999313354492,26.459999084472656
2020-09-18,3355.75,3353.60009765625,2365554,11082.0,11144.8095703125,800279,26.649999618530273,25.829999923706055
2020-09-21,3314.5,3275.0,2507980,10920.0,10989.0,727984,28.040000915527344,27.780000686645508
2020-09-22,3271.5,3299.25,1576319,10966.25,11149.5,573572,28.610000610351562,26.860000610351562
2020-09-23,3303.75,3231.25,1979661,11160.5,10829.0,656111,27.020000457763672,28.579999923706055
2020-09-24,3228.0,3238.0,2277010,10803.5,10891.75,791934,29.540000915527344,28.510000228881836
2020-09-25,3243.5,3287.25,1697090,10914.25,11136.5,600725,28.170000076293945,26.3799991607666
2020-09-28,3291.0,3346.0,1495804,11145.0,11394.75,568217,27.149999618530273,26.190000534057617
2020-09-29,3348.75,3333.75,1326597,11388.0,11337.75,444170,26.809999465942383,26.270000457763672
2020-09-30,3330.0,3352.0,2170601,11321.0,11407.25,647968,26.690000534057617,26.3700008392334
2020-10-01,3344.75,3367.75,1517912,11375.0,11574.75,580589,25.780000686645508,26.700000762939453
2020-10-02,3367.0,3339.25,2028921,11566.75,11233.25,806629,28.8700008392334,27.6299991607666
2020-10-05,3360.0,3393.0,1077474,11308.5,11469.25,398444,29.520000457763672,27.959999084472656
2020-10-06,3392.0,3353.25,1701062,11473.0,11273.75,612278,28.049999237060547,29.479999542236328
2020-10-07,3338.0,3406.75,1400616,11220.5,11470.0,443046,29.260000228881836,28.059999465942383
2020-10-08,3406.25,3437.5,1104986,11473.25,11539.0,403379,27.649999618530273,26.360000610351562
2020-10-09,3447.25,3473.25,1185272,11562.0,11724.75,408445,26.200000762939453,25.0
2020-10-12,3467.5,3532.75,1401063,11722.75,12098.25,756438,25.649999618530273,25.06999969482422
2020-10-13,3534.0,3504.75,1617226,12100.0,12094.0,754735,25.670000076293945,26.06999969482422
2020-10-14,3502.0,3481.0,1539718,12079.75,11974.25,597198,25.719999313354492,26.399999618530273
2020-10-15,3479.25,3475.5,1650150,11950.0,11874.0,595926,27.100000381469727,26.969999313354492
2020-10-16,3478.5,3462.25,1398947,11891.0,11798.0,527026,27.15999984741211,27.40999984741211
2020-10-19,3471.0,3422.75,1645853,11816.75,11650.25,623203,27.360000610351562,29.18000030517578
2020-10-20,3436.0,3432.25,1702183,11697.5,11660.75,622702,28.809999465942383,29.350000381469727
2020-10-21,3437.0,3432.5,1681275,11675.25,11691.25,599851,29.1200008392334,28.649999618530273
2020-10-22,3430.25,3449.25,1501259,11683.5,11649.75,583669,30.100000381469727,28.110000610351562
2020-10-23,3455.75,3451.75,1216313,11669.25,11663.5,501243,28.469999313354492,27.549999237060547
2020-10-26,3445.75,3393.5,1957780,11634.0,11492.25,674142,29.3799991607666,32.459999084472656
2020-10-27,3394.25,3383.0,1566246,11499.5,11588.0,551642,32.040000915527344,33.349998474121094
2020-10-28,3369.0,3263.5,2627180,11558.5,11132.75,749420,34.689998626708984,40.279998779296875
2020-10-29,3279.0,3302.25,1965277,11180.5,11342.75,606325,38.79999923706055,37.59000015258789
2020-10-30,3268.0,3264.75,2494925,11213.25,11046.25,801978,40.810001373291016,38.02000045776367
2020-11-02,3260.0,3300.5,1849320,11034.5,11063.25,602651,38.56999969482422,37.130001068115234
2020-11-03,3304.0,3361.5,1664690,11074.75,11265.75,509496,36.439998626708984,35.54999923706055
2020-11-04,3362.75,3435.0,2813083,11264.0,11763.0,842617,36.790000915527344,29.56999969482422
2020-11-05,3448.0,3504.75,1671417,11830.0,12076.5,578443,27.559999465942383,27.579999923706055
2020-11-06,3508.75,3500.75,1640000,12088.5,12075.0,552483,27.8700008392334,24.860000610351562
2020-11-09,3522.5,3544.0,2605322,12139.25,11820.5,731881,24.799999237060547,25.75
2020-11-10,3549.5,3541.0,2160319,11863.5,11618.25,834533,25.360000610351562,24.799999237060547
2020-11-11,3546.25,3568.0,1324983,11632.25,11886.0,546218,25.010000228881836,23.450000762939453
2020-11-12,3574.5,3532.5,1685890,11898.5,11820.0,554930,24.389999389648438,25.350000381469727
2020-11-13,3537.5,3582.0,1334530,11857.0,11933.5,445512,24.940000534057617,23.100000381469727
2020-11-16,3587.0,3623.0,1303941,11957.25,12005.0,471101,23.65999984741211,22.450000762939453
2020-11-17,3625.5,3606.75,1268206,12061.25,11975.0,401505,22.84000015258789,22.709999084472656
2020-11-18,3604.5,3565.0,1325309,11972.0,11897.0,475826,22.860000610351562,23.84000015258789
2020-11-19,3562.0,3580.0,1291117,11876.0,11987.25,421691,23.6200008392334,23.110000610351562
2020-11-20,3560.0,3554.25,1189621,11960.0,11905.75,358180,23.43000030517578,23.700000762939453
2020-11-23,3546.5,3576.0,1204848,11894.0,11905.25,425777,23.65999984741211,22.65999984741211
2020-11-24,3576.0,3632.75,1288993,11909.75,12076.0,401635,22.040000915527344,21.639999389648438
2020-11-25,3635.5,3627.25,1016343,12098.5,12152.25,386232,21.649999618530273,21.25
2020-11-27,3630.25,3636.5,639268,12168.25,12257.5,296828,21.520000457763672,20.84000015258789
2020-11-30,3643.75,3623.25,1712274,12286.5,12277.0,493064,22.639999389648438,20.56999969482422
2020-12-01,3631.0,3660.5,1365328,12336.0,12452.25,464023,20.209999084472656,20.770000457763672
2020-12-02,3661.25,3667.25,1106696,12456.25,12454.25,400405,21.0,21.170000076293945
2020-12-03,3671.0,3664.5,1124033,12472.0,12462.25,376884,21.239999771118164,21.280000686645508
2020-12-04,3668.25,3698.0,991860,12487.0,12526.0,321796,21.049999237060547,20.790000915527344
2020-12-07,3694.75,3690.75,1078372,12525.0,12596.0,323774,22.040000915527344,21.299999237060547
2020-12-08,3682.75,3702.0,1119000,12574.0,12637.5,365422,21.649999618530273,20.68000030517578
2020-12-09,3707.75,3672.5,1792176,12657.25,12367.0,635769,20.65999984741211,22.270000457763672
2020-12-10,3669.5,3668.5,1601203,12342.75,12402.0,529843,22.1200008392334,22.520000457763672
2020-12-11,3670.0,3661.25,1538362,12391.0,12368.0,361860,22.489999771118164,23.309999465942383
2020-12-14,3677.75,3646.5,1486250,12405.5,12456.5,296143,22.670000076293945,24.719999313354492
2020-12-15,3653.0,3694.5,1029503,12460.5,12591.75,223263,24.0,22.889999389648438
2020-12-16,3697.75,3700.75,584711,12599.5,12665.25,153920,22.510000228881836,22.5
2020-12-17,3704.5,3721.25,292916,12677.0,12751.0,84472,21.979999542236328,21.93000030517578
2020-12-18,3721.5,3726.25,1731161,12744.25,12800.0595703125,460979,22.149999618530273,21.56999969482422
2020-12-21,3718.25,3685.75,1837575,12760.0,12683.5,606583,24.25,25.15999984741211
2020-12-22,3685.0,3677.25,1104998,12698.25,12710.0,457270,25.239999771118164,24.229999542236328
2020-12-23,3674.25,3681.5,1021819,12704.75,12651.25,358011,23.489999771118164,23.309999465942383
2020-12-24,3685.25,3695.0,369650,12660.75,12704.5,173464,22.469999313354492,21.530000686645508
2020-12-28,3682.0,3727.5,760654,12676.25,12832.75,346691,22.110000610351562,21.700000762939453
2020-12-29,3731.0,3720.0,992636,12845.25,12841.0,393995,21.610000610351562,23.079999923706055
2020-12-30,3724.5,3724.25,769995,12860.75,12841.5,334304,22.579999923706055,22.770000457763672
2020-12-31,3725.0,3748.75,993343,12840.0,12885.5,280573,22.989999771118164,22.75
2021-01-04,3748.75,3692.25,2037616,12889.0,12685.5,650472,23.040000915527344,26.969999313354492
2021-01-05,3695.0,3718.25,1414022,12682.75,12793.5,483173,26.940000534057617,25.34000015258789
2021-01-06,3717.5,3740.5,2127155,12800.25,12616.75,755618,25.479999542236328,25.06999969482422
2021-01-07,3752.5,3795.5,1302021,12658.5,12928.0,435939,23.670000076293945,22.3700008392334
2021-01-08,3797.75,3817.5,1619438,12927.0,13097.25,508107,22.43000030517578,21.559999465942383
2021-01-11,3815.5,3792.0,1292422,13093.25,12897.0,454751,23.309999465942383,24.079999923706055
2021-01-12,3794.25,3794.5,1216214,12910.75,12890.25,461733,23.489999771118164,23.329999923706055
2021-01-13,3792.0,3803.75,1049186,12882.5,12972.25,416295,23.06999969482422,22.209999084472656
2021-01-14,3808.5,3791.25,1170812,12975.5,12901.0,417583,22.219999313354492,23.25
2021-01-15,3793.0,3762.25,1781463,12909.0,12802.25,539769,23.520000457763672,24.34000015258789
2021-01-19,3750.0,3790.5,1315580,12774.25,12985.5,481603,23.030000686645508,23.239999771118164
2021-01-20,3796.75,3845.0,1248787,13030.0,13294.25,438765,22.81999969482422,21.579999923706055
2021-01-21,3841.5,3846.0,1068271,13288.5,13395.5,421922,21.34000015258789,21.31999969482422
2021-01-22,3846.75,3834.25,1186856,13394.0,13361.5,407706,22.239999771118164,21.90999984741211
2021-01-25,3835.5,3848.5,1763898,13370.0,13475.5,663844,22.309999465942383,23.190000534057617
2021-01-26,3845.0,3842.5,1172461,13459.75,13485.5,502390,23.90999984741211,23.020000457763672
2021-01-27,3845.25,3744.25,2572020,13551.0,13105.5,786471,23.81999969482422,37.209999084472656
2021-01-28,3735.25,3779.25,2149910,13052.5,13186.0,623570,33.25,30.209999084472656
2021-01-29,3770.25,3705.25,2691820,13156.0,12911.25,738848,35.15999984741211,33.09000015258789
2021-02-01,3692.25,3765.75,1687396,12849.0,13236.5,549549,31.450000762939453,30.239999771118164
2021-02-02,3764.75,3818.25,1419765,13232.5,13449.0,491671,28.010000228881836,25.559999465942383
2021-02-03,3829.5,3823.5,1285692,13506.0,13394.25,499098,24.59000015258789,22.90999984741211
2021-02-04,3832.75,3864.5,1136404,13429.5,13547.5,408023,23.440000534057617,21.770000457763672
2021-02-05,3864.25,3880.25,1138874,13560.0,13598.0,431935,21.989999771118164,20.8700008392334
2021-02-08,3889.0,3908.0,972437,13623.75,13683.0,393927,21.889999389648438,21.239999771118164
2021-02-09,3910.5,3905.5,881922,13683.5,13680.25,367116,21.56999969482422,21.6299991607666
2021-02-10,3912.25,3903.0,1560824,13698.0,13643.5,552643,21.639999389648438,21.989999771118164
2021-02-11,3907.0,3912.0,1296054,13662.0,13729.0,495131,22.09000015258789,21.25
2021-02-12,3905.25,3931.0,1050298,13711.25,13804.75,392927,21.600000381469727,19.969999313354492
2021-02-16,3936.5,3927.75,1450425,13829.5,13767.75,604657,21.1299991607666,21.459999084472656
2021-02-17,3929.0,3928.0,1382825,13758.25,13699.75,583565,22.020000457763672,21.5
2021-02-18,3928.25,3909.5,1536949,13699.5,13633.0,574576,21.979999542236328,22.489999771118164
2021-02-19,3910.5,3903.0,1427294,13638.25,13576.0,535194,23.100000381469727,22.049999237060547
2021-02-22,3905.5,3873.5,1514278,13585.0,13224.25,648527,24.459999084472656,23.450000762939453
2021-02-23,3878.0,3878.0,2282940,13227.0,13192.0,873273,22.81999969482422,23.110000610351562
2021-02-24,3876.25,3922.5,1944661,13170.75,13302.0,673353,23.760000228881836,21.34000015258789
2021-02-25,3923.5,3828.0,2863387,13304.75,12831.75,894521,21.729999542236328,28.889999389648438
2021-02-26,3823.25,3809.25,3010481,12802.5,12911.0,841911,28.729999542236328,27.950000762939453
2021-03-01,3817.25,3898.75,1692835,12957.5,13279.75,513852,25.200000762939453,23.350000381469727
2021-03-02,3903.25,3867.5,1641396,13312.25,13055.25,563138,23.579999923706055,24.100000381469727
2021-03-03,3867.5,3816.75,2203398,13061.25,12681.75,756448,22.799999237060547,26.670000076293945
2021-03-04,3818.0,3765.5,3192468,12682.0,12455.0,1049493,26.520000457763672,28.56999969482422
2021-03-05,3765.5,3839.0,2948117,12435.0,12663.75,1016317,29.479999542236328,24.65999984741211
2021-03-08,3854.75,3819.25,2198363,12715.0,12297.25,749028,27.610000610351562,25.469999313354492
2021-03-09,3831.25,3873.25,1704837,12345.75,12788.75,644022,25.110000610351562,24.030000686645508
2021-03-10,3878.5,3896.5,1845205,12812.0,12749.25,715961,23.760000228881836,22.559999465942383
2021-03-11,3907.75,3936.75,1599748,12795.25,13048.25,526139,22.5,21.90999984741211
2021-03-12,3937.5,3942.25,1448886,13055.0,12933.5,476352,22.56999969482422,20.690000534057617
2021-03-15,3945.75,3967.5,1295099,12950.0,13078.5,297629,21.84000015258789,20.030000686645508
2021-03-16,3967.0,3962.5,887247,13084.75,13151.5,240942,20.139999389648438,19.790000915527344
2021-03-17,3967.5,3974.0,520411,13174.75,13201.5,202697,20.100000381469727,19.229999542236328
2021-03-18,3972.0,3916.5,335435,13200.5,12795.5,121108,18.950000762939453,21.579999923706055
2021-03-19,3923.75,3912.6201171875,2047619,12818.25,12808.759765625,641117,21.43000030517578,20.950000762939453
2021-03-22,3893.5,3930.0,1325987,12807.0,13071.75,478667,21.90999984741211,18.8799991607666
2021-03-23,3933.25,3899.75,1877976,13069.0,13006.25,604250,19.459999084472656,20.299999237060547
2021-03-24,3905.75,3880.75,2063480,13050.25,12794.0,626538,20.639999389648438,21.200000762939453
2021-03-25,3882.75,3900.5,2279488,12803.0,12770.5,745797,20.799999237060547,19.809999465942383
2021-03-26,3907.5,3964.75,1984060,12799.75,12966.75,622214,19.31999969482422,18.860000610351562
2021-03-29,3962.25,3959.0,2003052,12975.75,12944.5,574193,20.399999618530273,20.739999771118164
2021-03-30,3965.25,3947.75,1590486,12975.0,12878.25,516408,20.760000228881836,19.610000610351562
2021-03-31,3949.5,3967.5,1642169,12894.75,13089.75,478398,19.799999237060547,19.399999618530273
2021-04-01,3967.5,4010.0,1245846,13094.5,13316.0,436489,18.600000381469727,17.329999923706055
2021-04-05,4030.0,4067.75,1250666,13339.0,13585.5,356725,18.15999984741211,17.90999984741211
2021-04-06,4069.75,4064.0,1252163,13603.75,13570.0,457218,18.06999969482422,18.1200008392334
2021-04-07,4067.0,4070.0,1101579,13580.5,13604.75,434828,17.989999771118164,17.15999984741211
2021-04-08,4074.25,4089.0,988346,13620.75,13747.75,435060,16.920000076293945,16.950000762939453
2021-04-09,4098.0,4119.5,1090560,13786.5,13829.5,494768,17.049999237060547,16.690000534057617
2021-04-12,4114.25,4120.25,1089291,13817.75,13808.75,453968,17.43000030517578,16.90999984741211
2021-04-13,4122.75,4132.75,1081282,13825.0,13975.75,485938,16.989999771118164,16.649999618530273
2021-04-14,4134.75,4118.0,1529562,13977.75,13798.75,662204,16.709999084472656,16.989999771118164
2021-04-15,4123.5,4162.5,1277980,13827.0,14014.0,524814,16.780000686645508,16.56999969482422
2021-04-16,4162.75,4176.25,1304078,14002.0,14029.5,500612,16.649999618530273,16.25
2021-04-19,4165.0,4155.5,1618649,13989.0,13897.25,613719,17.040000915527344,17.290000915527344
2021-04-20,4156.25,4126.5,1700883,13900.0,13794.25,606019,17.360000610351562,18.68000030517578
2021-04-21,4121.25,4164.75,1505474,13740.0,13919.25,510093,18.479999542236328,17.5
2021-04-22,4157.5,4127.75,1944942,13896.5,13750.25,623942,17.280000686645508,18.709999084472656
2021-04-23,4129.0,4171.5,1509514,13757.0,13927.0,450885,18.559999465942383,17.329999923706055
2021-04-26,4170.75,4179.5,1019731,13919.75,14011.5,403664,17.940000534057617,17.639999389648438
2021-04-27,4181.5,4179.0,992029,14024.75,13953.0,412801,17.6200008392334,17.559999465942383
2021-04-28,4180.25,4176.25,1282972,13955.5,13892.25,501596,17.469999313354492,17.280000686645508
2021-04-29,4184.75,4203.5,1746965,13973.5,13953.5,595555,16.8799991607666,17.610000610351562
2021-04-30,4200.75,4174.5,1898434,13948.25,13850.0,555237,17.670000076293945,18.610000610351562
2021-05-03,4181.5,4185.75,1256240,13880.25,13790.0,473913,18.649999618530273,18.309999465942383
2021-05-04,4184.25,4158.25,2003587,13785.0,13536.0,667316,18.15999984741211,19.479999542236328
2021-05-05,4158.25,4160.0,1418246,13525.75,13491.0,520694,18.84000015258789,19.149999618530273
2021-05-06,4158.75,4194.25,1751616,13484.0,13597.75,567452,18.40999984741211,18.389999389648438
2021-05-07,4197.5,4225.25,1652592,13614.5,13709.75,550632,18.450000762939453,16.690000534057617
2021-05-10,4226.75,4183.5,1662210,13718.0,13356.75,603725,17.34000015258789,19.65999984741211
2021-05-11,4176.75,4146.25,2520859,13316.5,13346.0,787639,21.170000076293945,21.84000015258789
2021-05-12,4140.0,4058.75,2629953,13321.25,12998.5,760916,22.420000076293945,27.59000015258789
2021-05-13,4053.5,4107.0,2381081,12968.75,13100.25,727348,26.030000686645508,23.1299991607666
2021-05-14,4112.5,4169.0,1513171,13095.0,13387.0,468758,21.770000457763672,18.809999465942383
2021-05-17,4169.0,4157.75,1480730,13380.25,13303.5,488299,19.889999389648438,19.719999313354492
2021-05-18,4159.0,4123.0,1285520,13308.5,13212.0,442088,18.889999389648438,21.34000015258789
2021-05-19,4114.0,4111.5,2313119,13182.0,13233.5,669351,22.459999084472656,22.18000030517578
2021-05-20,4107.75,4154.25,1486599,13220.5,13486.5,465782,22.329999923706055,20.670000076293945
2021-05-21,4152.5,4151.75,1466725,13492.5,13405.0,457735,20.420000076293945,20.149999618530273
2021-05-24,4151.5,4193.75,1046500,13383.25,13635.25,368611,20.5,18.399999618530273
2021-05-25,4199.25,4185.5,1221701,13656.5,13656.25,436157,18.350000381469727,18.84000015258789
2021-05-26,4188.0,4193.0,1051147,13670.25,13700.25,343069,18.3700008392334,17.360000610351562
2021-05-27,4193.0,4199.0,1179928,13702.5,13665.5,388603,18.030000686645508,16.739999771118164
2021-05-28,4211.25,4202.5,1110833,13694.75,13686.5,366218,16.799999237060547,16.760000228881836
2021-06-01,4206.5,4198.5,1366344,13699.0,13648.75,448000,17.239999771118164,17.899999618530273
2021-06-02,4198.5,4206.25,1059938,13653.25,13673.75,371449,17.860000610351562,17.479999542236328
2021-06-03,4208.0,4191.25,1384271,13679.5,13529.25,552987,17.729999542236328,18.040000915527344
2021-06-04,4190.75,4228.25,1051573,13531.75,13766.75,446994,18.09000015258789,16.420000076293945
2021-06-07,4232.25,4225.5,934681,13773.25,13804.25,397545,17.34000015258789,16.420000076293945
2021-06-08,4227.5,4225.75,1305814,13823.0,13811.5,482546,16.579999923706055,17.06999969482422
2021-06-09,4225.5,4218.5,1057216,13813.0,13814.25,376893,17.18000030517578,17.889999389648438
2021-06-10,4222.25,4238.0,1563728,13817.0,13959.75,492336,18.18000030517578,16.100000381469727
2021-06-11,4239.5,4245.75,1084830,13975.5,13994.25,257733,16.18000030517578,15.649999618530273
2021-06-14,4248.0,4254.75,1116773,13999.0,14124.75,229733,16.040000915527344,16.389999389648438
2021-06-15,4255.25,4246.5,981189,14119.5,14030.25,178164,16.270000457763672,17.020000457763672
2021-06-16,4248.0,4223.0,511740,14046.75,13981.25,124322,16.989999771118164,18.149999618530273
2021-06-17,4214.25,4222.25,326193,13948.5,14165.5,113875,18.489999771118164,17.75
2021-06-18,4225.75,4187.25,1951342,14183.75,14107.4296875,575363,16.959999084472656,20.700000762939453
2021-06-21,4142.5,4213.75,1425623,14022.75,14130.0,503663,21.739999771118164,17.889999389648438
2021-06-22,4219.25,4236.25,1063749,14136.75,14258.25,420968,17.90999984741211,16.65999984741211
2021-06-23,4237.5,4231.5,938299,14274.0,14263.0,366489,16.25,16.31999969482422
2021-06-24,4233.75,4256.0,878788,14275.25,14354.25,409864,15.989999771118164,15.970000267028809
2021-06-25,4262.0,4271.25,906160,14365.75,14339.0,379758,16.040000915527344,15.619999885559082
2021-06-28,4275.0,4280.5,823723,14350.0,14512.5,376860,16.06999969482422,15.760000228881836
2021-06-29,4280.5,4282.0,741471,14504.5,14563.0,360169,15.6899995803833,16.020000457763672
2021-06-30,4284.75,4288.5,1100062,14584.75,14549.0,384458,16.18000030517578,15.829999923706055
2021-07-01,4294.25,4310.75,985190,14558.5,14548.5,436419,15.619999885559082,15.479999542236328
2021-07-02,4309.75,4342.75,999780,14543.75,14713.75,392168,15.529999732971191,15.069999694824219
2021-07-06,4341.0,4334.0,1368133,14704.25,14775.5,557682,15.770000457763672,16.440000534057617
2021-07-07,4328.0,4349.75,1221078,14764.5,14802.25,471450,16.43000030517578,16.200000762939453
2021-07-08,4352.25,4313.0,1991636,14812.0,14712.25,631207,17.739999771118164,19.0
2021-07-09,4310.25,4360.0,1311506,14710.25,14810.5,424770,17.8799991607666,16.18000030517578
2021-07-12,4362.0,4376.5,1055739,14824.0,14869.25,362608,16.850000381469727,16.170000076293945
2021-07-13,4377.0,4361.25,1249893,14880.0,14865.0,506392,16.389999389648438,17.1200008392334
2021-07-14,4359.5,4367.75,1308582,14869.75,14891.75,499191,17.34000015258789,16.329999923706055
2021-07-15,4366.5,4352.0,1611726,14895.0,14787.5,634785,16.700000762939453,17.010000228881836
2021-07-16,4347.75,4318.5,1636065,14778.5,14670.5,539012,16.799999237060547,18.450000762939453
2021-07-19,4320.0,4251.25,2599774,14675.0,14540.75,720291,19.610000610351562,22.5
2021-07-20,4262.75,4315.5,1844380,14593.75,14722.75,529359,20.889999389648438,19.729999542236328
2021-07-21,4318.75,4350.5,1191429,14729.75,14827.75,404345,19.729999542236328,17.90999984741211
2021-07-22,4355.0,4359.5,981969,14836.75,14928.5,425426,17.59000015258789,17.690000534057617
2021-07-23,4371.5,4403.0,1173337,14979.5,15098.0,449261,16.979999542236328,17.200000762939453
2021-07-26,4400.5,4414.25,938628,15098.0,15117.75,391517,18.670000076293945,17.579999923706055
2021-07-27,4415.75,4394.5,1575473,15125.25,14947.75,671793,18.6200008392334,19.360000610351562
2021-07-28,4380.0,4393.75,1221313,14875.75,15011.5,577186,19.40999984741211,18.309999465942383
2021-07-29,4393.75,4411.75,1009496,14984.75,15037.75,412593,17.90999984741211,17.700000762939453
2021-07-30,4394.25,4389.5,1376982,14905.25,14955.75,505630,19.690000534057617,18.239999771118164
2021-08-02,4396.5,4379.75,1193301,14972.75,14952.75,446142,18.15999984741211,19.459999084472656
2021-08-03,4383.75,4415.0,1296856,14962.25,15046.25,520377,19.170000076293945,18.040000915527344
2021-08-04,4409.75,4394.75,1047251,15038.0,15073.5,445703,18.229999542236328,17.969999313354492
2021-08-05,4396.25,4421.5,763343,15081.75,15167.75,341554,17.729999542236328,17.280000686645508
2021-08-06,4420.25,4429.5,951045,15167.75,15095.5,425074,17.459999084472656,16.149999618530273
2021-08-09,4428.0,4425.75,789726,15090.25,15125.25,361388,17.1200008392334,16.719999313354492
2021-08-10,4427.25,4430.0,950320,15128.75,15044.5,475298,16.81999969482422,16.790000915527344
2021-08-11,4429.25,4440.5,1001054,15045.0,15019.5,479700,16.809999465942383,16.170000076293945
2021-08-12,4440.0,4454.5,850527,15008.5,15078.5,384239,16.329999923706055,15.59000015258789
2021-08-13,4455.75,4462.5,789104,15079.75,15125.75,364520,15.680000305175781,15.449999809265137
2021-08-16,4456.25,4474.0,1239520,15119.25,15134.0,590789,17.049999237060547,16.1200008392334
2021-08-17,4472.0,4443.5,1789568,15131.5,14997.5,687897,17.309999465942383,17.90999984741211
2021-08-18,4436.75,4394.5,1546011,14970.25,14849.25,568846,17.559999465942383,21.56999969482422
2021-08-19,4389.75,4401.5,1924058,14840.0,14928.0,734184,23.1200008392334,21.670000076293945
2021-08-20,4403.75,4437.0,1328852,14943.25,15086.75,504460,22.739999771118164,18.559999465942383
2021-08-23,4435.0,4475.5,997026,15090.0,15304.5,412591,18.829999923706055,17.149999618530273
2021-08-24,4481.0,4482.5,787503,15327.0,15355.5,365577,16.959999084472656,17.219999313354492
2021-08-25,4483.5,4493.0,801106,15362.25,15364.25,405227,17.420000076293945,16.790000915527344
2021-08-26,4493.75,4466.5,1306718,15367.25,15274.75,564382,17.459999084472656,18.84000015258789
2021-08-27,4470.0,4505.5,1216414,15286.0,15426.5,441045,17.950000762939453,16.389999389648438
2021-08-30,4508.75,4525.25,975807,15432.75,15597.5,417563,16.770000457763672,16.190000534057617
2021-08-31,4529.5,4520.5,1378199,15605.5,15582.5,521129,15.979999542236328,16.479999542236328
2021-09-01,4527.75,4521.25,1061414,15599.5,15609.25,465488,16.059999465942383,16.110000610351562
2021-09-02,4522.5,4535.25,1016806,15610.0,15601.0,463636,16.270000457763672,16.40999984741211
2021-09-03,4536.75,4534.5,1156146,15601.0,15651.5,462870,16.270000457763672,16.40999984741211
2021-09-07,4533.0,4519.25,1277938,15656.0,15674.75,542055,16.940000534057617,18.139999389648438
2021-09-08,4517.5,4512.5,1606757,15671.0,15620.0,559402,18.969999313354492,17.959999084472656
2021-09-09,4511.0,4492.25,1696301,15610.0,15558.75,531288,19.440000534057617,18.799999237060547
2021-09-10,4491.25,4458.25,1721413,15561.0,15441.5,402816,17.940000534057617,20.950000762939453
2021-09-13,4461.0,4469.0,1534719,15452.5,15436.75,363283,19.639999389648438,19.3700008392334
2021-09-14,4475.5,4444.5,893788,15452.25,15387.0,237816,19.579999923706055,19.459999084472656
2021-09-15,4446.75,4481.75,518985,15395.5,15504.0,156770,19.299999237060547,18.18000030517578
2021-09-16,4486.0,4474.25,268026,15516.5,15517.75,105428,18.40999984741211,18.690000534057617
2021-09-17,4471.0,4464.330078125,1968041,15502.75,15486.669921875,641864,18.3700008392334,20.809999465942383
2021-09-20,4411.75,4348.25,2711340,15284.0,15009.5,845911,24.25,25.709999084472656
2021-09-21,4342.5,4343.25,1941006,14992.0,15024.0,659780,23.40999984741211,24.360000610351562
2021-09-22,4336.5,4384.0,1767853,14992.75,15163.5,601005,22.719999313354492,20.8700008392334
2021-09-23,4386.0,4438.0,1447395,15178.25,15303.5,514535,19.90999984741211,18.6299991607666
2021-09-24,4439.0,4445.75,1182037,15300.25,15318.75,470511,19.329999923706055,17.75
2021-09-27,4446.0,4433.0,1306188,15319.0,15194.75,543381,17.780000686645508,18.760000228881836
2021-09-28,4429.75,4343.5,2307037,15172.25,14764.75,836785,19.739999771118164,23.25
2021-09-29,4347.5,4349.75,1815726,14769.25,14739.75,649554,22.06999969482422,22.559999465942383
2021-09-30,4360.0,4297.75,2373423,14769.75,14682.5,699372,21.479999542236328,23.139999389648438
2021-10-01,4301.0,4343.75,2269695,14702.25,14761.75,663413,24.780000686645508,21.100000381469727
2021-10-04,4349.0,4291.25,2135338,14785.0,14462.25,802849,22.899999618530273,22.959999084472656
2021-10-05,4295.75,4334.0,1650217,14493.75,14655.25,574640,22.920000076293945,21.299999237060547
2021-10-06,4334.0,4354.0,2202805,14662.0,14759.0,756883,22.950000762939453,21.0
2021-10-07,4355.25,4390.0,1406808,14768.0,14881.25,492756,20.540000915527344,19.540000915527344
2021-10-08,4390.5,4382.25,1428160,14891.25,14808.25,550607,19.459999084472656,18.770000457763672
2021-10-11,4381.0,4351.0,1245705,14810.25,14700.5,510490,19.93000030517578,20.0
2021-10-12,4347.75,4340.75,1295686,14688.5,14653.25,599367,20.6200008392334,19.850000381469727
2021-10-13,4327.5,4355.0,1372482,14594.0,14764.25,556059,20.139999389648438,18.639999389648438
2021-10-14,4354.75,4429.0,1264458,14770.25,15037.25,425055,18.010000228881836,16.860000610351562
2021-10-15,4433.0,4462.5,1185108,15063.75,15134.5,442893,16.639999389648438,16.299999237060547
2021-10-18,4465.5,4477.5,1095216,15145.0,15290.5,423424,17.290000915527344,16.309999465942383
2021-10-19,4475.75,4511.25,1018177,15289.75,15398.5,384792,16.09000015258789,15.699999809265137
2021-10-20,4516.0,4528.0,1006857,15411.0,15377.5,451735,15.819999694824219,15.489999771118164
2021-10-21,4525.0,4541.75,938565,15357.5,15478.75,436644,16.059999465942383,15.010000228881836
2021-10-22,4530.0,4536.5,1315668,15383.0,15341.0,545390,15.350000381469727,15.430000305175781
2021-10-25,4528.75,4558.0,1031431,15324.25,15495.75,456009,16.139999389648438,15.239999771118164
2021-10-26,4564.75,4565.25,1257346,15543.0,15545.0,586099,15.020000457763672,15.979999542236328
2021-10-27,4563.75,4544.5,1263181,15532.25,15587.25,534474,15.789999961853027,16.979999542236328
2021-10-28,4548.75,4587.5,1195785,15595.0,15764.75,498210,17.059999465942383,16.530000686645508
2021-10-29,4577.0,4597.0,1418280,15679.75,15838.5,484693,17.399999618530273,16.260000228881836
2021-11-01,4608.0,4605.75,1071118,15885.25,15894.25,411507,16.850000381469727,16.40999984741211
2021-11-02,4605.75,4623.5,980833,15891.0,15961.25,418550,16.540000915527344,16.030000686645508
2021-11-03,4621.25,4652.25,1074650,15957.75,16129.75,448135,16.110000610351562,15.100000381469727
2021-11-04,4651.5,4673.25,1169886,16129.5,16330.75,524361,15.0600004196167,15.4399995803833
2021-11-05,4671.75,4690.25,1459142,16335.0,16351.75,525824,15.59000015258789,16.479999542236328
2021-11-08,4678.5,4694.0,1000404,16293.0,16327.75,414326,17.229999542236328,17.219999313354492
2021-11-09,4690.75,4678.25,1289857,16315.5,16212.75,560749,17.43000030517578,17.780000686645508
2021-11-10,4674.75,4642.0,1639098,16201.25,15980.5,658266,17.739999771118164,18.729999542236328
2021-11-11,4645.0,4643.0,936857,15989.0,16022.75,434778,18.34000015258789,17.65999984741211
2021-11-12,4647.0,4678.25,1155591,16043.75,16192.75,422493,17.489999771118164,16.290000915527344
2021-11-15,4684.75,4679.0,1047123,16212.25,16187.75,483873,17.030000686645508,16.489999771118164
2021-11-16,4680.75,4696.0,1043587,16198.5,16300.75,424380,16.860000610351562,16.3700008392334
2021-11-17,4696.5,4686.25,1056696,16297.75,16311.5,455992,16.360000610351562,17.110000610351562
2021-11-18,4685.25,4701.5,1168195,16322.5,16481.25,602241,16.809999465942383,17.59000015258789
2021-11-19,4705.25,4694.5,1344893,16503.25,16575.0,549031,17.360000610351562,17.90999984741211
2021-11-22,4701.0,4679.75,1685386,16600.25,16382.0,770668,18.200000762939453,19.170000076293945
2021-11-23,4686.0,4688.5,1872492,16399.0,16312.0,901449,20.239999771118164,19.3799991607666
2021-11-24,4686.25,4699.0,1408571,16300.25,16366.0,656267,19.170000076293945,18.579999923706055
2021-11-26,4700.5,4595.75,2068167,16360.0,16051.0,680753,26.6200008392334,28.6200008392334
2021-11-29,4589.0,4651.0,2014967,16046.5,16390.75,597936,25.309999465942383,22.959999084472656
2021-11-30,4657.25,4566.25,2845560,16419.0,16150.5,854651,26.229999542236328,27.190000534057617
2021-12-01,4587.5,4508.5,2670344,16238.75,15869.75,861888,24.920000076293945,31.1200008392334
2021-12-02,4514.75,4575.75,2587324,15891.75,15988.5,853707,29.440000534057617,27.950000762939453
2021-12-03,4587.25,4537.5,2747667,16020.0,15717.75,898849,26.950000762939453,30.670000076293945
2021-12-06,4542.25,4590.0,2031995,15716.25,15842.75,695515,28.989999771118164,27.18000030517578
2021-12-07,4594.25,4685.0,1771947,15848.75,16318.0,594627,24.579999923706055,21.889999389648438
2021-12-08,4695.25,4699.0,1418355,16360.5,16392.25,494849,21.739999771118164,19.899999618530273
2021-12-09,4697.25,4667.0,1593325,16380.5,16148.75,612576,20.309999465942383,21.579999923706055
2021-12-10,4669.25,4711.0,1585049,16158.5,16329.75,395288,21.270000457763672,18.690000534057617
2021-12-13,4711.25,4668.75,1605196,16321.75,16082.0,286177,19.290000915527344,20.309999465942383
2021-12-14,4672.0,4637.0,1211592,16085.0,15924.75,274758,19.670000076293945,21.889999389648438
2021-12-15,4637.75,4709.5,673190,15928.5,16288.0,161710,21.600000381469727,19.290000915527344
2021-12-16,4711.5,4668.75,435986,16288.5,15870.5,143255,18.559999465942383,20.56999969482422
2021-12-17,4674.25,4636.4599609375,2472118,15873.0,15717.3203125,800579,20.700000762939453,21.56999969482422
2021-12-20,4612.0,4558.5,2097624,15809.5,15621.25,676197,25.889999389648438,22.8700008392334
2021-12-21,4567.75,4640.75,1493880,15674.25,15980.0,530228,22.280000686645508,21.010000228881836
2021-12-22,4641.75,4686.0,1104688,15979.0,16169.75,476670,21.040000915527344,18.6299991607666
2021-12-23,4689.0,4715.75,978022,16180.0,16299.0,349182,18.809999465942383,17.959999084472656
2021-12-27,4717.0,4782.25,898698,16304.25,16560.0,351308,19.3700008392334,17.68000030517578
2021-12-28,4780.5,4778.5,954520,16565.75,16488.0,454633,17.780000686645508,17.540000915527344
2021-12-29,4781.0,4784.5,876030,16513.5,16490.5,354985,17.6299991607666,16.950000762939453
2021-12-30,4784.75,4772.25,753935,16484.5,16430.25,304259,17.299999237060547,17.329999923706055
2021-12-31,4773.75,4758.5,954083,16431.0,16320.75,363720,17.6299991607666,17.219999313354492
2022-01-03,4771.0,4786.0,1322362,16356.0,16485.5,513549,17.600000381469727,16.600000381469727
2022-01-04,4785.25,4784.25,1392809,16497.75,16275.75,669527,16.56999969482422,16.90999984741211
2022-01-05,4783.5,4692.5,1856376,16265.0,15766.5,769790,17.06999969482422,19.729999542236328
2022-01-06,4692.0,4687.5,1862918,15763.75,15759.0,802950,20.290000915527344,19.610000610351562
2022-01-07,4695.0,4667.75,1618440,15801.75,15581.0,704406,19.850000381469727,18.760000228881836
2022-01-10,4671.25,4662.25,2231980,15590.0,15608.0,888780,19.579999923706055,19.399999618530273
2022-01-11,4663.5,4705.0,1729004,15622.25,15831.0,709363,19.6200008392334,18.40999984741211
2022-01-12,4704.0,4716.25,1583216,15826.0,15887.25,671265,18.170000076293945,17.6200008392334
2022-01-13,4719.25,4652.0,1824612,15901.0,15490.25,763018,18.059999465942383,20.309999465942383
2022-01-14,4655.0,4654.75,2010610,15505.0,15595.75,795897,20.110000610351562,19.190000534057617
2022-01-18,4666.0,4571.25,2268240,15616.75,15206.0,868066,21.18000030517578,22.790000915527344
2022-01-19,4577.75,4524.25,2001348,15238.75,15033.5,776612,23.1200008392334,23.850000381469727
2022-01-20,4526.0,4474.75,2040704,15042.25,14841.0,771410,23.459999084472656,25.59000015258789
2022-01-21,4454.25,4390.0,3012106,14722.0,14426.5,1041723,25.3799991607666,28.850000381469727
2022-01-24,4389.0,4403.75,3846785,14410.0,14501.0,1323080,28.200000762939453,29.899999618530273
2022-01-25,4402.75,4349.0,2483392,14495.0,14140.75,957800,32.290000915527344,31.15999984741211
2022-01-26,4308.75,4341.5,2423103,13945.5,14158.5,908549,29.350000381469727,31.959999084472656
2022-01-27,4345.25,4317.75,2295458,14194.0,13986.75,866647,32.189998626708984,30.489999771118164
2022-01-28,4348.0,4423.25,2251268,14167.75,14433.0,878243,30.270000457763672,27.65999984741211
2022-01-31,4423.5,4504.25,1846145,14454.0,14905.0,654278,28.360000610351562,24.829999923706055
2022-02-01,4493.25,4535.0,1618163,14868.75,14994.75,597305,24.56999969482422,21.959999084472656
2022-02-02,4552.0,4577.25,1624220,15129.0,15114.5,645396,21.559999465942383,22.09000015258789
2022-02-03,4545.75,4469.0,1800714,14852.5,14492.25,731581,22.6299991607666,24.350000381469727
2022-02-04,4518.0,4492.5,1957881,14770.0,14685.5,763735,23.770000457763672,23.219999313354492
2022-02-07,4497.0,4475.75,1495143,14682.5,14559.75,562312,24.09000015258789,22.860000610351562
2022-02-08,4484.0,4512.5,1459766,14600.0,14734.5,611858,23.09000015258789,21.440000534057617
2022-02-09,4519.0,4577.75,1383317,14746.25,15038.25,529886,21.270000457763672,19.959999084472656
2022-02-10,4582.25,4497.5,2403026,15062.25,14701.0,834478,20.3700008392334,23.90999984741211
2022-02-11,4494.5,4409.5,2479025,14698.25,14240.5,835981,24.389999389648438,27.360000610351562
2022-02-14,4411.75,4394.0,2098618,14250.0,14253.0,734224,29.170000076293945,28.329999923706055
2022-02-15,4393.5,4464.5,1523305,14257.0,14609.5,558472,28.09000015258789,25.700000762939453
2022-02-16,4458.75,4470.0,1426847,14588.0,14600.0,594304,25.190000534057617,24.290000915527344
2022-02-17,4464.25,4374.5,1629730,14592.25,14164.75,631084,24.829999923706055,28.110000610351562
2022-02-18,4374.75,4343.5,1824590,14156.25,13996.0,760914,26.65999984741211,27.75
2022-02-22,4324.25,4300.0,2589159,13952.75,13862.75,1114720,31.799999237060547,28.809999465942383
2022-02-23,4310.75,4222.0,1914227,13928.25,13507.5,713187,28.040000915527344,31.020000457763672
2022-02-24,4215.5,4284.0,2945330,13484.25,13966.5,1122732,37.5,30.31999969482422
2022-02-25,4266.75,4380.0,1950397,13909.5,14180.5,784997,31.68000030517578,27.59000015258789
2022-02-28,4299.5,4368.0,2189820,13900.25,14228.0,753711,32.439998626708984,30.149999618530273
2022-03-01,4367.5,4303.75,1869277,14219.25,14005.5,645171,29.450000762939453,33.31999969482422
2022-03-02,4308.75,4381.75,1712970,14026.25,14239.25,629022,34.20000076293945,30.739999771118164
2022-03-03,4373.75,4359.25,1547676,14196.5,14030.5,596925,30.520000457763672,30.479999542236328
2022-03-04,4366.5,4327.25,1842722,14069.25,13839.75,725774,31.899999618530273,31.979999542236328
2022-03-07,4308.75,4198.5,1902001,13763.5,13320.75,717846,35.880001068115234,36.45000076293945
2022-03-08,4186.5,4168.75,2333021,13283.0,13267.0,841407,36.189998626708984,35.130001068115234
2022-03-09,4153.0,4275.25,1659520,13192.25,13734.75,650826,33.7400016784668,32.45000076293945
2022-03-10,4279.0,4257.25,1745090,13778.0,13586.0,611077,33.029998779296875,30.229999542236328
2022-03-11,4258.5,4201.5,1645055,13577.25,13292.0,439890,30.43000030517578,30.75
2022-03-14,4216.0,4172.0,1438651,13362.0,13045.5,402608,31.030000686645508,31.770000457763672
2022-03-15,4180.25,4262.0,1085846,13082.0,13451.75,284955,33.130001068115234,29.829999923706055
2022-03-16,4257.5,4358.0,722600,13451.75,13953.0,274498,29.020000457763672,26.670000076293945
2022-03-17,4370.5,4410.25,434642,13999.0,14111.75,125160,26.510000228881836,25.670000076293945
2022-03-18,4393.0,4409.35009765625,1405299,14060.0,14095.3095703125,558776,26.360000610351562,23.8700008392334
2022-03-21,4460.0,4452.25,1375090,14404.0,14370.5,589629,25.139999389648438,23.530000686645508
2022-03-22,4456.75,4505.0,1205860,14390.0,14654.0,509918,24.020000457763672,22.940000534057617
2022-03-23,4504.0,4447.5,1336967,14654.0,14447.0,555130,23.040000915527344,23.56999969482422
2022-03-24,4449.25,4512.5,1221569,14462.75,14763.75,512267,23.610000610351562,21.670000076293945
2022-03-25,4516.25,4536.5,1251078,14765.0,14755.75,553931,21.8700008392334,20.809999465942383
2022-03-28,4535.25,4568.0,1182527,14756.0,14985.25,532125,22.139999389648438,19.6299991607666
2022-03-29,4570.25,4625.5,1353683,14981.0,15237.75,552951,19.700000762939453,18.899999618530273
2022-03-30,4621.25,4596.0,1206203,15222.0,15071.5,513516,19.3799991607666,19.329999923706055
2022-03-31,4599.0,4530.75,1650667,15100.5,14868.75,560785,19.68000030517578,20.559999465942383
2022-04-01,4541.0,4539.25,1441126,14918.75,14863.75,539029,20.6200008392334,19.6299991607666
2022-04-04,4538.25,4577.75,1025558,14846.0,15164.25,460171,20.75,18.56999969482422
2022-04-05,4576.25,4520.25,1303877,15155.5,14828.0,563198,18.790000915527344,21.030000686645508
2022-04-06,4526.25,4475.75,1803684,14861.0,14505.25,783213,21.270000457763672,22.100000381469727
2022-04-07,4471.25,4496.25,1446250,14496.25,14536.0,645737,21.969999313354492,21.549999237060547
2022-04-08,4494.75,4483.5,1358450,14536.25,14327.0,640156,21.25,21.15999984741211
2022-04-11,4488.75,4409.0,1431371,14345.0,14000.0,577477,23.09000015258789,24.3700008392334
2022-04-12,4411.0,4393.0,1739771,14006.25,13945.0,704351,24.940000534057617,24.260000228881836
2022-04-13,4396.75,4442.25,1254348,13952.75,14221.5,530164,23.520000457763672,21.81999969482422
2022-04-14,4438.5,4387.5,1396074,14211.5,13893.75,548400,21.719999313354492,22.700000762939453
2022-04-18,4390.0,4386.75,1149765,13892.0,13907.75,492103,24.520000457763672,22.170000076293945
2022-04-19,4399.0,4459.25,1465764,13962.75,14217.25,556357,22.549999237060547,21.3700008392334
2022-04-20,4441.0,4455.5,1423396,14104.75,14004.75,604344,21.1299991607666,20.31999969482422
2022-04-21,4468.0,4390.5,1704137,14070.0,13728.25,685788,20.239999771118164,22.68000030517578
2022-04-22,4385.75,4267.25,2039961,13720.0,13353.5,732255,22.709999084472656,28.209999084472656
2022-04-25,4259.0,4292.75,2280374,13334.25,13535.75,749649,30.040000915527344,27.020000457763672
2022-04-26,4294.0,4170.5,2018166,13523.5,13016.0,755330,27.3799991607666,33.52000045776367
2022-04-27,4149.5,4180.25,2035627,12881.0,13009.0,817196,31.110000610351562,31.600000381469727
2022-04-28,4213.0,4283.5,1798644,13191.0,13454.75,756360,29.90999984741211,29.989999771118164
2022-04-29,4244.0,4127.5,2117160,13219.5,12852.0,723386,28.969999313354492,33.400001525878906
2022-05-02,4144.0,4151.0,2351404,12892.25,13073.0,763818,33.349998474121094,32.34000015258789
2022-05-03,4145.5,4169.25,1678497,13051.75,13087.5,662216,31.760000228881836,29.25
2022-05-04,4171.25,4295.25,1783477,13121.0,13531.25,703191,29.1200008392334,25.420000076293945
2022-05-05,4289.75,4143.25,2389422,13500.25,12858.0,877795,25.969999313354492,31.200000762939453
2022-05-06,4146.5,4119.5,2310919,12883.25,12695.75,852234,32.22999954223633,30.190000534057617
2022-05-09,4087.25,3987.5,2139992,12605.0,12193.75,816033,31.899999618530273,34.75
2022-05-10,3993.25,3996.75,2247750,12206.0,12349.0,853859,33.65999984741211,32.9900016784668
2022-05-11,3990.5,3930.25,2157244,12328.75,11969.75,865890,32.869998931884766,32.560001373291016
2022-05-12,3939.75,3927.25,2380563,12004.5,11947.25,878238,33.7400016784668,31.770000457763672
2022-05-13,3916.25,4019.75,1859074,11891.5,12382.75,663517,31.09000015258789,28.8700008392334
2022-05-16,4025.0,4004.75,1695198,12409.0,12244.75,623715,30.010000228881836,27.469999313354492
2022-05-17,4002.0,4084.75,1716498,12235.5,12560.25,653222,27.06999969482422,26.100000381469727
2022-05-18,4091.25,3922.75,2202394,12572.0,11935.5,735386,26.739999771118164,30.959999084472656
2022-05-19,3916.5,3897.75,2317604,11907.0,11878.25,827741,31.239999771118164,29.350000381469727
2022-05-20,3900.5,3899.5,2408399,11898.0,11840.75,806781,28.780000686645508,29.43000030517578
2022-05-23,3910.5,3971.75,1736162,11866.0,12035.25,660213,28.979999542236328,28.479999542236328
2022-05-24,3951.75,3940.5,2017453,11915.0,11771.0,717429,29.43000030517578,29.450000762939453
2022-05-25,3950.0,3976.75,1744116,11808.0,11942.25,671096,29.329999923706055,28.3700008392334
2022-05-26,3972.25,4055.75,1493132,11887.5,12279.25,611884,28.420000076293945,27.5
2022-05-27,4047.5,4155.75,1547507,12250.0,12677.75,615992,27.5,25.719999313354492
2022-05-31,4164.5,4131.25,2222573,12705.25,12646.5,832388,27.469999313354492,26.190000534057617
2022-06-01,4138.5,4099.0,1912031,12662.5,12551.0,682211,26.049999237060547,25.690000534057617
2022-06-02,4097.75,4175.25,1513748,12549.75,12893.75,620008,25.729999542236328,24.719999313354492
2022-06-03,4177.75,4107.0,1532766,12896.0,12551.0,652955,24.90999984741211,24.790000915527344
2022-06-06,4110.5,4120.5,1457918,12549.75,12605.0,536936,25.3700008392334,25.06999969482422
2022-06-07,4122.0,4158.75,1677883,12605.25,12711.5,577970,25.540000915527344,24.020000457763672
2022-06-08,4150.75,4114.0,1706628,12680.5,12615.75,583652,24.3700008392334,23.959999084472656
2022-06-09,4116.0,4016.25,2024783,12625.0,12275.0,690155,24.290000915527344,26.09000015258789
2022-06-10,4025.25,3899.0,2117225,12301.5,11840.0,617395,26.260000228881836,27.75
2022-06-13,3870.75,3750.5,2155159,11768.0,11296.5,530220,31.3700008392334,34.02000045776367
2022-06-14,3758.25,3736.75,1341257,11334.25,11314.25,378134,33.0099983215332,32.689998626708984
2022-06-15,3740.0,3789.25,777545,11329.75,11593.75,265812,32.38999938964844,29.6200008392334
2022-06-16,3794.25,3668.25,544027,11608.5,11124.75,146538,30.350000381469727,32.95000076293945
2022-06-17,3677.5,3663.760009765625,2207570,11178.5,11130.3896484375,731831,32.84000015258789,31.1299991607666
2022-06-21,3684.0,3767.75,1566039,11332.5,11577.25,657209,30.6299991607666,30.190000534057617
2022-06-22,3766.25,3762.75,1660579,11579.75,11565.75,638960,31.450000762939453,28.950000762939453
2022-06-23,3761.25,3799.75,1607695,11542.75,11737.5,630125,29.290000915527344,29.049999237060547
2022-06-24,3785.25,3916.25,1563128,11687.75,12140.5,563303,29.06999969482422,27.229999542236328
2022-06-27,3915.0,3903.75,1497368,12137.5,12040.5,565803,28.299999237060547,26.950000762939453
2022-06-28,3911.25,3825.5,1791690,12076.25,11674.25,634694,26.899999618530273,28.360000610351562
2022-06-29,3828.25,3821.25,1717770,11680.5,11691.0,590173,28.799999237060547,28.15999984741211
2022-06-30,3822.75,3789.5,2394361,11691.5,11529.5,738071,29.420000076293945,28.709999084472656
2022-07-01,3782.0,3827.25,1752977,11507.5,11611.25,605401,29.530000686645508,26.700000762939453
2022-07-05,3828.5,3834.0,2031501,11606.0,11808.5,790937,27.3700008392334,27.540000915527344
2022-07-06,3838.0,3848.25,1684324,11820.25,11880.25,649912,27.84000015258789,26.729999542236328
2022-07-07,3853.75,3905.0,1314443,11901.25,12138.5,550463,26.729999542236328,26.079999923706055
2022-07-08,3897.0,3901.25,1485497,12115.0,12152.0,640445,26.40999984741211,24.639999389648438
2022-07-11,3900.0,3856.75,1486103,12149.75,11884.25,578336,26.420000076293945,26.170000076293945
2022-07-12,3862.0,3823.75,1640864,11900.5,11779.0,607949,27.139999389648438,27.290000915527344
2022-07-13,3825.0,3804.5,2157968,11780.0,11762.25,732270,27.350000381469727,26.81999969482422
2022-07-14,3795.75,3793.25,1916260,11729.5,11797.5,654560,27.469999313354492,26.399999618530273
2022-07-15,3797.75,3865.0,1523753,11810.5,12007.5,560980,26.719999313354492,24.229999542236328
2022-07-18,3878.5,3833.75,1439590,12043.5,11907.0,553676,24.829999923706055,25.299999237060547
2022-07-19,3838.5,3937.5,1611604,11909.5,12274.0,585591,25.1200008392334,24.5
2022-07-20,3947.0,3962.5,1734355,12330.5,12465.25,643607,24.229999542236328,23.8799991607666
2022-07-21,3954.0,4001.25,1821097,12440.0,12640.0,605066,24.06999969482422,23.110000610351562
2022-07-22,3988.0,3965.0,1736592,12559.25,12423.5,634548,23.299999237060547,23.030000686645508
2022-07-25,3967.75,3970.0,1493471,12444.5,12354.5,491612,24.329999923706055,23.360000610351562
2022-07-26,3959.0,3923.25,1589161,12311.25,12112.5,536287,23.950000762939453,24.690000534057617
2022-07-27,3939.25,4024.5,1740431,12192.0,12619.0,634889,24.270000457763672,23.239999771118164
2022-07-28,4022.0,4073.5,2014467,12580.0,12737.5,645261,23.329999923706055,22.329999923706055
2022-07-29,4105.0,4133.5,1919598,12920.25,12971.5,592416,22.1299991607666,21.329999923706055
2022-08-01,4137.5,4120.5,1776936,12981.0,12962.5,622511,22.40999984741211,22.84000015258789
2022-08-02,4119.75,4093.75,1892241,12974.25,12924.5,674564,24.079999923706055,23.93000030517578
2022-08-03,4097.0,4156.25,1696602,12921.0,13271.5,690056,23.860000610351562,21.950000762939453
2022-08-04,4150.25,4152.25,1245063,13247.0,13327.0,542680,22.059999465942383,21.440000534057617
2022-08-05,4152.0,4146.75,1722401,13327.25,13228.75,687792,21.5,21.149999618530273
2022-08-08,4149.75,4141.75,1536449,13227.75,13183.25,597182,21.739999771118164,21.290000915527344
2022-08-09,4148.5,4124.5,1280085,13206.25,13031.5,553704,21.40999984741211,21.770000457763672
2022-08-10,4128.75,4210.0,1627940,13050.0,13392.0,602069,22.280000686645508,19.739999771118164
2022-08-11,4210.75,4209.75,1598130,13380.5,13311.25,614816,19.84000015258789,20.200000762939453
2022-08-12,4219.25,4281.0,1300170,13344.25,13577.75,500647,20.34000015258789,19.530000686645508
2022-08-15,4277.0,4298.25,1317241,13571.5,13681.25,463768,20.739999771118164,19.950000762939453
2022-08-16,4294.5,4307.75,1363248,13674.75,13658.25,555979,20.229999542236328,19.690000534057617
2022-08-17,4309.25,4276.75,1638797,13658.0,13493.25,610667,19.739999771118164,19.899999618530273
2022-08-18,4279.5,4286.5,1366220,13503.0,13523.25,530513,20.510000228881836,19.559999465942383
2022-08-19,4287.0,4231.5,1701251,13534.25,13268.5,618758,20.15999984741211,20.600000381469727
2022-08-22,4221.0,4141.25,1724203,13226.5,12909.75,599946,22.40999984741211,23.799999237060547
2022-08-23,4147.0,4130.5,1575674,12933.75,12896.5,570278,24.1299991607666,24.110000610351562
2022-08-24,4128.25,4142.75,1348612,12892.0,12929.75,503227,24.3700008392334,22.81999969482422
2022-08-25,4148.75,4201.0,1635476,12944.0,13156.0,543666,22.40999984741211,21.780000686645508
2022-08-26,4198.25,4059.5,2241117,13153.75,12620.5,753862,22.06999969482422,25.559999465942383
2022-08-29,4024.0,4031.25,1963446,12485.0,12492.75,693093,26.860000610351562,26.209999084472656
2022-08-30,4035.75,3987.5,2555455,12503.5,12358.75,797462,25.75,26.209999084472656
2022-08-31,3987.25,3956.5,2366488,12366.0,12285.25,672068,25.860000610351562,25.8700008392334
2022-09-01,3958.0,3968.75,2212034,12284.75,12292.25,820606,26.8799991607666,25.559999465942383
2022-09-02,3967.5,3924.5,2510355,12297.75,12104.25,835870,25.510000228881836,25.469999313354492
2022-09-06,3929.0,3910.5,2360326,12110.5,12019.0,895450,25.459999084472656,26.90999984741211
2022-09-07,3907.5,3980.0,1956209,12019.75,12263.25,677159,26.93000030517578,24.639999389648438
2022-09-08,3980.0,4005.5,2356008,12267.75,12321.75,737024,24.700000762939453,23.610000610351562
2022-09-09,4010.25,4067.25,1677890,12345.25,12592.5,535984,23.489999771118164,22.790000915527344
2022-09-12,4077.25,4110.75,1718859,12626.0,12740.75,444255,23.579999923706055,23.8700008392334
2022-09-13,4118.25,3931.25,1418271,12769.5,12036.5,463841,23.670000076293945,27.270000457763672
2022-09-14,3936.75,3947.5,662596,12050.25,12142.0,270232,26.729999542236328,26.15999984741211
2022-09-15,3955.0,3902.0,438921,12159.0,11934.75,169928,26.100000381469727,26.270000457763672
2022-09-16,3888.5,3871.239990234375,2688630,11880.0,11814.580078125,754923,27.469999313354492,26.299999237060547
2022-09-19,3889.5,3917.25,2100098,11920.0,12024.0,632663,27.690000534057617,25.760000228881836
2022-09-20,3923.0,3872.75,2357296,12045.75,11922.25,704882,25.649999618530273,27.15999984741211
2022-09-21,3878.75,3806.25,2440206,11946.0,11710.0,822965,28.030000686645508,27.989999771118164
2022-09-22,3794.0,3772.0,2578314,11661.25,11565.5,786180,28.15999984741211,27.350000381469727
2022-09-23,3777.25,3709.0,2913560,11583.75,11376.75,799378,27.68000030517578,29.920000076293945
2022-09-26,3705.25,3670.0,2899415,11362.5,11316.25,809853,31.739999771118164,32.2599983215332
2022-09-27,3668.0,3661.0,2963065,11315.5,11333.75,841073,31.200000762939453,32.599998474121094
2022-09-28,3668.5,3732.0,2780935,11361.0,11555.75,897742,34.5,30.18000030517578
2022-09-29,3730.25,3654.25,2860631,11544.0,11228.25,891823,31.670000076293945,31.84000015258789
2022-09-30,3656.5,3601.5,2976179,11220.0,11035.5,878168,31.610000610351562,31.6200008392334
2022-10-03,3593.25,3690.25,2315515,11030.0,11285.75,757581,33.0,30.100000381469727
2022-10-04,3696.5,3803.25,2381497,11314.5,11640.75,772885,29.520000457763672,29.06999969482422
2022-10-05,3801.0,3794.0,2089198,11630.25,11623.75,700889,29.360000610351562,28.549999237060547
2022-10-06,3795.75,3756.75,2157569,11628.0,11541.75,773914,28.600000381469727,30.520000457763672
2022-10-07,3745.75,3653.25,2238683,11494.5,11101.5,759141,30.3700008392334,31.360000610351562
2022-10-10,3638.75,3625.25,2024447,11067.75,10984.5,757732,32.93000030517578,32.45000076293945
2022-10-11,3624.75,3599.25,2398140,10987.0,10845.0,833906,33.560001373291016,33.630001068115234
2022-10-12,3607.0,3588.5,1948173,10875.0,10840.5,731214,33.540000915527344,33.56999969482422
2022-10-13,3596.25,3681.75,3288646,10859.0,11083.75,1050244,33.599998474121094,31.940000534057617
2022-10-14,3680.25,3597.5,2730405,11064.75,10744.0,843525,31.889999389648438,32.02000045776367
2022-10-17,3591.0,3689.25,1951998,10720.0,11110.25,638720,32.27000045776367,31.3700008392334
2022-10-18,3706.25,3732.75,2746886,11161.25,11198.75,832215,31.100000381469727,30.5
2022-10-19,3759.75,3707.25,2348844,11320.25,11153.25,733776,30.940000534057617,30.760000228881836
2022-10-20,3708.0,3675.25,2403705,11134.0,11090.75,739672,31.299999237060547,29.979999542236328
2022-10-21,3677.75,3764.0,2681019,11061.25,11358.5,840952,30.209999084472656,29.690000534057617
2022-10-24,3771.0,3809.25,2109780,11393.75,11478.75,715016,30.649999618530273,29.850000381469727
2022-10-25,3803.25,3870.25,1836723,11453.75,11713.5,660210,29.799999237060547,28.459999084472656
2022-10-26,3841.0,3841.0,2118534,11510.0,11446.0,784638,28.440000534057617,27.280000686645508
2022-10-27,3844.25,3819.5,2211786,11417.75,11235.25,769071,27.510000228881836,27.389999389648438
2022-10-28,3798.25,3911.25,2084386,11122.75,11587.0,728261,27.43000030517578,25.75
2022-10-31,3911.5,3883.0,2002625,11592.5,11447.25,607680,26.90999984741211,25.8799991607666
2022-11-01,3884.0,3866.0,1895614,11455.0,11332.0,605362,25.959999084472656,25.809999465942383
2022-11-02,3863.0,3768.75,2210708,11320.25,10944.5,770983,26.040000915527344,25.860000610351562
2022-11-03,3766.75,3727.75,1887557,10938.0,10728.0,705050,25.979999542236328,25.299999237060547
2022-11-04,3724.0,3779.5,2494788,10712.0,10890.25,881129,25.6299991607666,24.549999237060547
2022-11-07,3750.0,3815.25,1483146,10786.5,11014.25,554692,25.670000076293945,24.350000381469727
2022-11-08,3812.75,3835.25,1878046,11016.0,11094.25,728868,24.709999084472656,25.540000915527344
2022-11-09,3832.5,3755.5,1889153,11089.25,10830.75,669071,25.34000015258789,26.09000015258789
2022-11-10,3757.0,3961.0,2408104,10841.0,11632.25,862147,26.510000228881836,23.530000686645508
2022-11-11,3973.0,4000.25,1927068,11669.75,11848.0,682257,23.889999389648438,22.520000457763672
2022-11-14,3984.0,3966.0,1592615,11791.0,11734.75,576678,23.989999771118164,23.729999542236328
2022-11-15,3974.75,3999.5,2230543,11768.5,11904.25,771822,23.770000457763672,24.540000915527344
2022-11-16,3992.0,3968.5,1502501,11882.0,11739.5,577864,24.290000915527344,24.110000610351562
2022-11-17,3977.25,3955.25,1560808,11777.75,11710.5,658469,24.049999237060547,23.93000030517578
2022-11-18,3960.5,3974.0,1534155,11747.75,11708.0,585873,24.030000686645508,23.1200008392334
2022-11-21,3972.5,3958.0,1178421,11723.0,11588.0,477970,24.049999237060547,22.360000610351562
2022-11-22,3957.75,4010.25,1161999,11588.0,11754.5,531087,22.59000015258789,21.290000915527344
2022-11-23,4010.0,4033.0,1281153,11741.5,11862.75,474645,21.489999771118164,20.350000381469727
2022-11-25,4038.75,4032.5,608795,11878.0,11782.75,252366,20.610000610351562,20.5
2022-11-28,4020.25,3970.25,1481503,11731.25,11616.25,506250,22.09000015258789,22.209999084472656
2022-11-29,3972.0,3962.0,1500171,11625.0,11524.75,555859,22.09000015258789,21.889999389648438
2022-11-30,3962.25,4081.25,2479997,11520.0,12042.25,769082,21.700000762939453,20.579999923706055
2022-12-01,4094.5,4081.75,1834073,12079.25,12062.75,629297,20.829999923706055,19.84000015258789
2022-12-02,4077.5,4075.5,1849784,12039.75,12010.25,588295,20.420000076293945,19.059999465942383
2022-12-05,4074.0,4003.25,1497688,12000.5,11805.75,537924,20.299999237060547,20.75
2022-12-06,4005.75,3945.0,1869101,11812.0,11566.0,657271,20.690000534057617,22.170000076293945
2022-12-07,3944.5,3936.75,1756473,11566.0,11509.5,634691,22.31999969482422,22.68000030517578
2022-12-08,3935.75,3965.75,1708915,11500.0,11645.5,600826,22.809999465942383,22.290000915527344
2022-12-09,3964.75,3936.25,1739761,11641.5,11569.75,504052,22.549999237060547,22.829999923706055
2022-12-12,3933.0,3991.75,1619977,11553.0,11711.75,354886,24.399999618530273,25.0
2022-12-13,3989.25,4022.25,1419560,11691.25,11839.75,407612,25.239999771118164,22.549999237060547
2022-12-14,4021.75,3998.0,712439,11839.0,11750.75,197122,22.829999923706055,21.139999389648438
2022-12-15,4004.25,3897.0,560669,11758.75,11347.25,182838,21.520000457763672,22.829999923706055
2022-12-16,3890.5,3871.469970703125,1965701,11340.25,11327.0400390625,665526,23.260000228881836,22.6200008392334
2022-12-19,3874.0,3845.5,1405774,11328.75,11193.25,562529,22.6299991607666,22.420000076293945
2022-12-20,3842.75,3849.25,1541868,11182.5,11175.75,625090,23.170000076293945,21.479999542236328
2022-12-21,3857.25,3905.75,1522069,11206.5,11334.5,631322,21.25,20.06999969482422
2022-12-22,3915.0,3849.25,1842326,11357.0,11054.25,714500,20.079999923706055,21.969999313354492
2022-12-23,3850.0,3869.75,1374913,11061.0,11075.25,534525,22.170000076293945,20.8700008392334
2022-12-27,3878.0,3855.0,1006414,11104.0,10915.5,499799,21.670000076293945,21.649999618530273
2022-12-28,3858.0,3807.5,1282810,10915.75,10772.75,635572,21.469999313354492,22.139999389648438
2022-12-29,3811.0,3871.75,1146984,10785.75,11032.75,470004,22.25,21.440000534057617
2022-12-30,3869.75,3861.0,1401810,11033.5,11022.25,462484,21.829999923706055,21.670000076293945
2023-01-03,3895.0,3846.0,1782473,11122.5,10945.5,657681,23.09000015258789,22.899999618530273
2023-01-04,3842.75,3874.5,1912155,10941.25,10999.25,758003,22.93000030517578,22.010000228881836
2023-01-05,3871.0,3829.0,1679973,10988.5,10820.25,694452,22.200000762939453,22.459999084472656
2023-01-06,3833.0,3915.5,2026154,10838.75,11113.5,736332,22.690000534057617,21.1299991607666
2023-01-09,3918.5,3913.75,1697887,11126.5,11185.5,646318,21.75,21.969999313354492
2023-01-10,3914.5,3940.75,1520955,11184.75,11282.0,559281,22.219999313354492,20.579999923706055
2023-01-11,3941.0,3990.0,1398769,11282.5,11476.5,500153,20.799999237060547,21.09000015258789
2023-01-12,3991.75,4003.5,2102587,11474.5,11534.25,754571,21.559999465942383,18.829999923706055
2023-01-13,4003.0,4018.25,1456784,11528.5,11608.0,482002,19.0,18.350000381469727
2023-01-17,4020.0,4009.5,1423931,11613.5,11624.5,576141,19.889999389648438,19.360000610351562
2023-01-18,4008.5,3945.75,1902551,11619.75,11475.75,619614,19.280000686645508,20.34000015258789
2023-01-19,3945.25,3915.5,1896890,11470.5,11356.5,594769,20.43000030517578,20.520000457763672
2023-01-20,3925.0,3988.5,1620355,11401.0,11677.0,577769,20.280000686645508,19.850000381469727
2023-01-23,3987.0,4036.5,1594736,11676.75,11934.0,593978,20.209999084472656,19.809999465942383
2023-01-24,4036.5,4032.75,1472856,11933.0,11909.5,511370,19.889999389648438,19.200000762939453
2023-01-25,4039.0,4032.0,1760515,11970.5,11873.25,633473,19.559999465942383,19.079999923706055
2023-01-26,4031.0,4075.5,1613804,11874.75,12106.75,621434,19.049999237060547,18.729999542236328
2023-01-27,4065.0,4084.25,1587936,12049.0,12222.25,588072,18.899999618530273,18.510000228881836
2023-01-30,4077.0,4032.5,1786112,12212.5,11968.0,634667,19.760000228881836,19.940000534057617
2023-01-31,4039.25,4090.0,1790751,11984.0,12152.0,585202,20.1200008392334,19.399999618530273
2023-02-01,4085.75,4132.25,2000400,12116.0,12414.25,668515,19.6200008392334,17.8700008392334
2023-02-02,4145.5,4191.5,2290729,12520.0,12846.75,817822,17.739999771118164,18.729999542236328
2023-02-03,4176.0,4147.75,2354996,12748.25,12624.0,824209,18.56999969482422,18.329999923706055
2023-02-06,4134.25,4123.5,1560324,12572.0,12515.5,535147,19.229999542236328,19.43000030517578
2023-02-07,4123.5,4175.75,2180936,12513.0,12776.75,744996,19.540000915527344,18.65999984741211
2023-02-08,4167.25,4130.5,1804101,12747.0,12545.25,590355,18.8799991607666,19.6299991607666
2023-02-09,4132.25,4091.75,1828571,12555.0,12425.5,612404,19.239999771118164,20.709999084472656
2023-02-10,4098.0,4099.75,1744956,12448.75,12346.25,600244,20.739999771118164,20.530000686645508
2023-02-13,4105.0,4147.25,1376325,12357.5,12540.5,467840,21.65999984741211,20.34000015258789
2023-02-14,4149.75,4145.5,2379034,12547.25,12631.0,719204,20.719999313354492,18.90999984741211
2023-02-15,4141.25,4158.25,1611550,12620.75,12730.0,568579,19.3700008392334,18.229999542236328
2023-02-16,4159.0,4099.75,2042993,12740.0,12482.5,682325,18.260000228881836,20.170000076293945
2023-02-17,4095.5,4087.5,2008448,12462.5,12390.0,629355,20.940000534057617,20.020000457763672
2023-02-21,4083.0,4005.75,1883040,12380.0,12096.75,609494,21.799999237060547,22.8700008392334
2023-02-22,4007.5,3999.0,1925300,12108.0,12097.5,640711,23.030000686645508,22.290000915527344
2023-02-23,4010.0,4018.75,1955820,12176.25,12207.5,640962,21.959999084472656,21.139999389648438
2023-02-24,4015.25,3975.75,2063242,12190.0,11997.0,643618,21.350000381469727,21.670000076293945
2023-02-27,3976.5,3988.0,1621961,12003.0,12083.25,578952,21.989999771118164,20.950000762939453
2023-02-28,3991.5,3975.5,1847930,12093.5,12072.25,646026,21.299999237060547,20.700000762939453
2023-03-01,3968.5,3956.5,2042321,12041.25,11961.75,759645,20.389999389648438,20.579999923706055
2023-03-02,3959.75,3984.75,1836555,11967.0,12062.0,752009,21.40999984741211,19.59000015258789
2023-03-03,3983.0,4049.75,1665102,12049.0,12311.25,675472,19.760000228881836,18.489999771118164
2023-03-06,4049.25,4052.5,1528845,12306.25,12323.5,612506,19.049999237060547,18.610000610351562
2023-03-07,4053.75,3989.75,2141615,12320.25,12169.0,685006,18.639999389648438,19.59000015258789
2023-03-08,3990.0,3995.0,1831712,12170.0,12228.25,633419,19.709999084472656,19.110000610351562
2023-03-09,3997.0,3920.0,2547423,12231.0,12007.25,816838,19.329999923706055,22.610000610351562
2023-03-10,3919.0,3862.75,3285811,12005.0,11840.25,871209,23.34000015258789,24.799999237060547
2023-03-13,3887.75,3856.75,2750477,11894.75,11931.75,694438,24.049999237060547,26.520000457763672
2023-03-14,3865.75,3920.5,1606509,11960.0,12207.0,364395,26.850000381469727,23.729999542236328
2023-03-15,3920.5,3892.75,833643,12200.75,12247.75,261341,23.209999084472656,26.139999389648438
2023-03-16,3892.75,3960.5,466914,12264.5,12583.0,181754,26.190000534057617,22.989999771118164
2023-03-17,3962.25,3957.050048828125,2224268,12575.75,12594.650390625,734052,22.920000076293945,25.510000228881836
2023-03-20,3963.75,3983.0,1818807,12690.0,12688.5,694471,27.770000457763672,24.149999618530273
2023-03-21,3986.5,4035.75,1531670,12699.75,12867.25,565860,24.15999984741211,21.3799991607666
2023-03-22,4038.75,3970.5,1802929,12873.25,12707.0,713083,21.799999237060547,22.260000228881836
2023-03-23,3972.75,3978.0,2236954,12695.0,12854.0,838385,21.540000915527344,22.610000610351562
2023-03-24,3988.75,4001.25,1944981,12871.5,12890.25,676547,22.110000610351562,21.739999771118164
2023-03-27,4008.0,4007.25,1304572,12916.0,12788.5,562634,22.049999237060547,20.600000381469727
2023-03-28,4013.5,4001.5,1224495,12810.5,12732.5,537965,20.530000686645508,19.969999313354492
2023-03-29,4006.5,4057.5,1389352,12745.5,12965.0,566316,19.389999389648438,19.1200008392334
2023-03-30,4058.0,4080.0,1328529,12962.5,13082.0,583151,19.1200008392334,19.020000457763672
2023-03-31,4081.0,4137.75,1695840,13084.25,13301.75,624955,19.209999084472656,18.700000762939453
2023-04-03,4127.0,4153.75,1380286,13262.0,13270.0,542896,19.790000915527344,18.549999237060547
2023-04-04,4152.5,4129.0,1582414,13259.0,13219.0,577032,18.790000915527344,19.0
2023-04-05,4134.0,4117.25,1470176,13230.0,13079.75,594608,19.420000076293945,19.079999923706055
2023-04-06,4113.75,4132.0,73009,13072.75,13170.75,41224,19.299999237060547,18.399999618530273
2023-04-10,4139.0,4136.25,1167715,13179.75,13158.0,553003,19.389999389648438,18.969999313354492
2023-04-11,4138.5,4136.5,1221824,13163.25,13074.75,549047,19.079999923706055,19.100000381469727
2023-04-12,4137.5,4119.0,1853671,13073.75,12952.25,684779,19.3799991607666,19.09000015258789
2023-04-13,4117.5,4172.75,1458785,12957.0,13209.75,558233,18.829999923706055,17.799999237060547
2023-04-14,4168.75,4163.75,1882896,13183.0,13181.25,627824,17.940000534057617,17.06999969482422
2023-04-17,4174.25,4176.75,1298123,13212.5,13186.5,540742,17.579999923706055,16.950000762939453
2023-04-18,4177.0,4180.0,1427797,13184.0,13193.0,576668,16.940000534057617,16.829999923706055
2023-04-19,4176.0,4178.5,1292622,13170.5,13183.0,529506,17.299999237060547,16.459999084472656
2023-04-20,4172.25,4152.5,1768379,13162.0,13074.25,680299,16.850000381469727,17.170000076293945
2023-04-21,4153.75,4156.75,1645161,13089.0,13090.5,593982,17.510000228881836,16.770000457763672
2023-04-24,4150.0,4159.5,1328041,13070.0,13056.5,582286,18.219999313354492,16.889999389648438
2023-04-25,4157.25,4093.25,1770908,13050.25,12809.5,694266,17.6200008392334,18.760000228881836
2023-04-26,4110.25,4076.0,1814741,12940.0,12887.75,755124,18.65999984741211,18.84000015258789
2023-04-27,4085.5,4153.75,1686692,12965.0,13231.25,728241,18.43000030517578,17.030000686645508
2023-04-28,4151.0,4188.5,1753803,13215.0,13320.25,671058,17.209999084472656,15.779999732971191
2023-05-01,4190.0,4185.75,1240490,13317.0,13306.75,487908,16.40999984741211,16.079999923706055
2023-05-02,4179.5,4136.75,2034176,13290.0,13184.5,664855,16.270000457763672,17.780000686645508
2023-05-03,4133.25,4107.5,1658392,13162.0,13100.75,648753,17.81999969482422,18.34000015258789
2023-05-04,4087.0,4075.75,1994772,13064.0,13043.75,656440,19.170000076293945,20.09000015258789
2023-05-05,4077.25,4150.25,1545895,13060.0,13317.75,573291,19.5,17.190000534057617
2023-05-08,4151.0,4152.75,1026014,13316.0,13352.25,506054,17.729999542236328,16.979999542236328
2023-05-09,4150.5,4134.0,1000924,13338.5,13264.75,552248,17.290000915527344,17.709999084472656
2023-05-10,4133.0,4152.0,1887587,13258.75,13409.5,839699,17.579999923706055,16.940000534057617
2023-05-11,4152.75,4143.75,1473383,13410.0,13446.5,653399,16.799999237060547,16.93000030517578
2023-05-12,4144.5,4138.0,1434601,13446.0,13396.25,628035,16.829999923706055,17.030000686645508
2023-05-15,4132.25,4150.0,1179165,13378.75,13468.0,495940,17.440000534057617,17.1200008392334
2023-05-16,4148.25,4123.0,1316691,13461.0,13483.25,561834,17.540000915527344,17.989999771118164
2023-05-17,4126.0,4171.5,1584910,13498.5,13643.5,621137,17.959999084472656,16.8700008392334
2023-05-18,4171.25,4212.0,1760668,13640.5,13894.0,749496,16.920000076293945,16.049999237060547
2023-05-19,4215.5,4204.75,1713351,13908.5,13858.0,659819,16.1299991607666,16.809999465942383
2023-05-22,4189.0,4205.0,1302845,13805.5,13902.5,538203,17.450000762939453,17.209999084472656
2023-05-23,4207.5,4158.75,1685056,13913.25,13728.75,658680,17.350000381469727,18.530000686645508
2023-05-24,4158.0,4126.0,1911903,13729.0,13650.25,704804,18.799999237060547,20.030000686645508
2023-05-25,4157.0,4159.75,1966626,13877.0,13976.5,819148,19.540000915527344,19.139999389648438
2023-05-26,4157.0,4213.25,1744425,13977.75,14332.5,729047,19.06999969482422,17.950000762939453
2023-05-30,4239.75,4215.0,1957579,14437.5,14396.75,882198,17.559999465942383,17.459999084472656
2023-05-31,4213.0,4190.5,2138566,14397.25,14300.5,680429,18.040000915527344,17.940000534057617
2023-06-01,4188.5,4228.0,1868363,14289.5,14472.25,622329,17.239999771118164,15.649999618530273
2023-06-02,4231.75,4288.0,1955603,14494.0,14575.25,623290,15.649999618530273,14.600000381469727
2023-06-05,4288.0,4281.0,1668759,14577.0,14588.75,619089,15.279999732971191,14.729999542236328
2023-06-06,4279.75,4289.75,1548125,14582.0,14586.5,572806,14.90999984741211,13.960000038146973
2023-06-07,4292.25,4274.25,1925195,14594.5,14331.5,770555,14.140000343322754,13.9399995803833
2023-06-08,4273.25,4298.25,1664333,14316.0,14503.0,631769,14.140000343322754,13.649999618530273
2023-06-09,4297.75,4304.75,2176645,14517.0,14556.25,581386,13.779999732971191,13.829999923706055
2023-06-12,4306.5,4342.75,1665175,14560.25,14800.5,397388,14.4399995803833,15.010000228881836
2023-06-13,4345.0,4371.75,1317118,14824.0,14914.25,347119,14.989999771118164,14.609999656677246
2023-06-14,4372.0,4374.25,758316,14925.0,15012.75,204099,14.479999542236328,13.880000114440918
2023-06-15,4378.75,4426.5,486414,15038.0,15188.0,139777,14.09000015258789,14.5
2023-06-16,4424.75,4453.35009765625,1895105,15181.25,15316.6103515625,636907,14.489999771118164,13.539999961853027
2023-06-20,4458.0,4434.75,1540416,15303.25,15256.5,652883,14.359999656677246,13.880000114440918
2023-06-21,4430.25,4409.25,1468258,15247.5,15044.0,640702,13.880000114440918,13.199999809265137
2023-06-22,4410.0,4423.75,1384002,15038.75,15214.75,611017,13.880000114440918,12.90999984741211
2023-06-23,4425.75,4389.0,1550992,15236.0,15058.25,620593,13.239999771118164,13.4399995803833
2023-06-26,4390.0,4370.25,1622416,15057.75,14856.5,649993,14.430000305175781,14.25
2023-06-27,4375.75,4418.75,1512256,14875.0,15111.5,569198,14.109999656677246,13.739999771118164
2023-06-28,4414.0,4417.5,1689461,15088.25,15130.0,662146,13.899999618530273,13.430000305175781
2023-06-29,4423.75,4435.75,1628750,15161.0,15100.25,594134,13.640000343322754,13.539999961853027
2023-06-30,4435.25,4488.25,1774940,15106.0,15337.0,529455,13.510000228881836,13.59000015258789
2023-07-03,4485.5,4492.25,641289,15331.0,15364.75,265064,13.850000381469727,13.569999694824219
2023-07-05,4492.0,4483.75,1193759,15357.0,15360.75,519857,14.1899995803833,14.180000305175781
2023-07-06,4481.75,4447.0,1741520,15353.75,15238.0,574681,14.850000381469727,15.4399995803833
2023-07-07,4441.25,4434.0,1691644,15211.75,15181.75,555119,15.970000267028809,14.829999923706055
2023-07-10,4437.5,4444.25,1361155,15198.5,15187.0,609953,16.079999923706055,15.069999694824219
2023-07-11,4445.75,4473.5,1340232,15195.75,15260.0,552637,15.020000457763672,14.84000015258789
2023-07-12,4471.0,4507.5,1784296,15258.0,15444.75,649433,14.819999694824219,13.539999961853027
2023-07-13,4510.5,4543.5,1158193,15457.75,15711.5,563935,13.4399995803833,13.609999656677246
2023-07-14,4539.5,4536.75,1381069,15699.0,15694.25,629943,13.720000267028809,13.34000015258789
2023-07-17,4536.0,4553.75,1057965,15690.0,15840.75,522129,13.779999732971191,13.479999542236328
2023-07-18,4550.25,4587.75,1301460,15832.0,15974.75,633272,13.609999656677246,13.300000190734863
2023-07-19,4582.75,4597.0,1538747,15949.25,15959.25,682279,13.319999694824219,13.760000228881836
2023-07-20,4593.25,4565.5,1527727,15922.75,15592.25,810475,13.960000038146973,13.989999771118164
2023-07-21,4566.25,4564.75,1432643,15590.75,15540.0,704413,13.869999885559082,13.600000381469727
2023-07-24,4564.25,4583.5,1203661,15556.0,15561.25,561877,14.289999961853027,13.90999984741211
2023-07-25,4584.5,4596.0,1219737,15570.0,15673.0,554880,14.020000457763672,13.859999656677246
2023-07-26,4604.75,4595.25,1372426,15730.25,15610.75,683826,13.859999656677246,13.1899995803833
2023-07-27,4594.75,4564.25,1924565,15638.75,15571.0,846437,13.140000343322754,14.40999984741211
2023-07-28,4566.0,4606.5,1573973,15580.0,15847.5,689386,14.029999732971191,13.329999923706055
2023-07-31,4608.75,4614.5,1299434,15850.0,15857.5,523896,13.979999542236328,13.630000114440918
2023-08-01,4617.75,4601.25,1212261,15869.25,15817.25,529660,13.75,13.930000305175781
2023-08-02,4580.0,4537.25,1917865,15757.0,15473.0,773499,15.699999809265137,16.09000015258789
2023-08-03,4534.25,4521.75,1764076,15455.75,15438.75,658841,16.770000457763672,15.920000076293945
2023-08-04,4523.5,4498.0,2044936,15441.0,15354.0,773229,16.010000228881836,17.100000381469727
2023-08-07,4500.5,4537.75,1397301,15370.5,15485.5,578299,16.899999618530273,15.770000457763672
2023-08-08,4539.5,4518.5,1696546,15495.0,15354.25,638813,16.280000686645508,15.989999771118164
2023-08-09,4516.5,4485.75,1640285,15351.75,15178.25,652732,15.8100004196167,15.960000038146973
2023-08-10,4493.25,4485.75,2227022,15202.5,15201.25,807104,15.579999923706055,15.850000381469727
2023-08-11,4487.75,4480.75,1511048,15219.0,15095.75,613959,15.529999732971191,14.84000015258789
2023-08-14,4485.0,4506.0,1277132,15104.0,15270.25,554628,15.880000114440918,14.819999694824219
2023-08-15,4505.75,4454.0,1492516,15279.0,15106.5,593602,14.949999809265137,16.459999084472656
2023-08-16,4453.25,4420.0,1499218,15110.75,14942.25,641607,16.540000915527344,16.780000686645508
2023-08-17,4420.5,4384.5,1630481,14940.25,14778.0,681399,16.959999084472656,17.889999389648438
2023-08-18,4379.25,4382.75,1746289,14748.0,14744.0,731241,17.799999237060547,17.299999237060547
2023-08-21,4382.5,4412.5,1361470,14762.5,14985.75,641685,18.030000686645508,17.1299991607666
2023-08-22,4410.25,4399.25,1375651,14974.5,14958.5,623728,16.959999084472656,16.969999313354492
2023-08-23,4400.0,4447.0,1306640,14959.75,15195.5,606168,16.639999389648438,15.979999542236328
2023-08-24,4470.5,4386.0,1783795,15333.0,14862.0,847308,15.569999694824219,17.200000762939453
2023-08-25,4384.5,4414.25,1853335,14833.0,14979.25,823889,17.209999084472656,15.680000305175781
2023-08-28,4418.0,4442.25,1266414,14991.0,15092.5,586342,16.239999771118164,15.079999923706055
2023-08-29,4444.0,4506.75,1444714,15098.75,15415.75,616223,15.079999923706055,14.449999809265137
2023-08-30,4508.75,4524.25,1397669,15427.5,15501.25,590194,14.529999732971191,13.880000114440918
2023-08-31,4527.0,4516.0,1395751,15513.75,15538.5,584743,13.979999542236328,13.569999694824219
2023-09-01,4516.75,4521.5,1416762,15534.0,15516.25,572689,13.5600004196167,13.09000015258789
2023-09-05,4521.25,4502.5,1391805,15517.0,15534.5,604891,14.149999618530273,14.010000228881836
2023-09-06,4500.0,4471.5,1600128,15511.25,15399.5,596503,14.270000457763672,14.449999809265137
2023-09-07,4469.5,4456.25,1602226,15385.0,15282.25,644887,14.8100004196167,14.399999618530273
2023-09-08,4458.25,4461.75,1686158,15286.25,15297.5,598477,14.220000267028809,13.84000015258789
2023-09-11,4463.5,4490.25,1714266,15308.0,15475.75,411385,14.170000076293945,13.800000190734863
2023-09-12,4487.75,4465.0,1153961,15466.5,15304.75,253049,14.020000457763672,14.229999542236328
2023-09-13,4464.5,4468.75,690872,15308.5,15356.25,190166,14.420000076293945,13.479999542236328
2023-09-14,4471.75,4506.0,454906,15372.75,15478.0,110435,13.390000343322754,12.819999694824219
2023-09-15,4508.0,4491.72021484375,1825966,15480.25,15435.2001953125,708762,12.699999809265137,13.789999961853027
2023-09-18,4499.5,4501.5,1155158,15382.25,15414.5,509746,14.399999618530273,14.0
2023-09-19,4503.25,4490.0,1422950,15424.25,15375.25,552065,14.109999656677246,14.109999656677246
2023-09-20,4491.25,4447.0,1482206,15375.25,15152.0,605256,14.180000305175781,15.140000343322754
2023-09-21,4445.0,4372.0,1998638,15133.25,14862.75,702742,15.489999771118164,17.540000915527344
2023-09-22,4370.25,4361.0,1736576,14854.5,14869.5,624056,17.309999465942383,17.200000762939453
2023-09-25,4365.0,4378.75,1561595,14880.25,14935.25,568859,17.25,16.899999618530273
2023-09-26,4382.0,4314.75,1758048,14949.0,14715.0,667617,18.030000686645508,18.940000534057617
2023-09-27,4320.25,4313.5,1965913,14725.25,14739.0,716200,18.290000915527344,18.219999313354492
2023-09-28,4323.25,4337.5,2012088,14772.5,14859.75,734472,18.219999313354492,17.34000015258789
2023-09-29,4342.0,4325.5,2106053,14876.5,14866.5,745541,16.8700008392334,17.520000457763672
2023-10-02,4349.0,4324.25,1950463,14965.0,14984.75,762896,17.309999465942383,17.610000610351562
2023-10-03,4326.0,4264.75,2256808,14989.5,14714.5,762964,17.809999465942383,19.780000686645508
2023-10-04,4262.75,4297.75,2168271,14713.75,14923.75,803257,20.719999313354492,18.579999923706055
2023-10-05,4291.5,4290.75,1673477,14903.0,14861.75,676461,18.670000076293945,18.489999771118164
2023-10-06,4287.5,4341.5,2216456,14853.75,15112.0,840602,18.729999542236328,17.450000762939453
2023-10-09,4315.0,4368.75,1485254,15040.25,15187.0,617072,19.540000915527344,17.700000762939453
2023-10-10,4368.75,4391.5,1610271,15196.5,15270.75,648613,17.700000762939453,17.030000686645508
2023-10-11,4392.0,4409.75,1489644,15282.25,15380.0,614965,16.950000762939453,16.09000015258789
2023-10-12,4417.75,4380.5,1881573,15407.5,15315.0,747494,16.079999923706055,16.690000534057617
2023-10-13,4380.75,4357.25,2159101,15324.0,15120.25,777005,16.530000686645508,19.31999969482422
2023-10-16,4356.75,4401.0,1668948,15120.0,15289.5,641294,19.100000381469727,17.209999084472656
2023-10-17,4406.25,4401.75,1879736,15305.75,15240.75,781599,17.40999984741211,17.8799991607666
2023-10-18,4398.0,4342.25,2271572,15236.5,15025.25,853599,18.360000610351562,19.219999313354492
2023-10-19,4346.5,4303.0,2741942,15045.0,14890.0,1019700,19.729999542236328,21.399999618530273
2023-10-20,4295.0,4248.5,2328806,14850.0,14664.0,846675,21.59000015258789,21.709999084472656
2023-10-23,4256.25,4241.75,1963670,14680.0,14712.0,765733,21.829999923706055,20.3700008392334
2023-10-24,4250.25,4271.25,1807092,14744.0,14846.5,703058,20.030000686645508,18.969999313354492
2023-10-25,4269.5,4209.75,1981633,14828.0,14478.25,820677,19.389999389648438,20.190000534057617
2023-10-26,4202.0,4156.5,2419407,14425.0,14194.0,987597,21.780000686645508,20.68000030517578
